Decade;Year;Issue;Model;aka;Ethnicity;"Eye 
Color";"Hair 
Color";Birthdate;Age;"Bra 
Size";"Cup
Value";"Cup 
Size";"Bust 
(in)";"Waist 
(in)";"Hips 
(in)";"Height 
(in)";"Height 
(m)";"Weight 
(lbs)";"Weight 
(Kg)";BMI;USA;Place of Birth
1950;1953;1953-dic;Marilyn Monroe;;Caucasian;Blue;Blonde;01/06/1926;27;36D;3;D;36;24;34;65;1,65;118;54;19,64;Y;Los Angeles, California, United States
1950;1954;1954-gen;Margie Harrison;;Caucasian;;Brunette;03/11/1931;23;36C;2;C;36;26;37;65;1,65;100;45;16,64;Y;United States
1950;1954;1954-feb;Margaret Scott;Marilyn Waltz;Caucasian;;Blonde;05/11/1931;23;36C;2;C;36;23;34;64;1,63;113;51;19,40;Y;Waukesha, Wisconsin, United States
1950;1954;1954-mar;Dolores del Monte;;Caucasian;;Brunette;15/03/1932;22;34B;1;B;34;24;35;66;1,68;118;54;19,05;Y;Spokane, Washington, United States
1950;1954;1954-apr;Margaret Scott;Marilyn Waltz;Caucasian;;Blonde;05/11/1931;23;36C;2;C;36;23;34;64;1,63;113;51;19,40;Y;Waukesha, Wisconsin, United States
1950;1954;1954-mag;Joanne Arnold;;Caucasian;;Brunette;01/04/1931;23;36D;3;D;36;24;36;65;1,65;100;45;16,64;Y;United States
1950;1954;1954-giu;Margie Harrison;;Caucasian;;Brunette;03/11/1931;23;36C;2;C;36;26;37;65;1,65;100;45;16,64;Y;United States
1950;1954;1954-lug;Neva Gilbert;;Caucasian;;Blonde;01/01/1931;23;36C;2;C;36;26;37;66;1,68;130;59;20,98;Y;New York City, New York, United States
1950;1954;1954-ago;Arline Hunter;;Caucasian;Brown;Redhead;16/12/1931;23;38C;2;C;38;24;35;65;1,65;100;45;16,64;Y;United States
1950;1954;1954-set;Jackie Rainbow;;Caucasian;;Brunette;06/06/1933;21;34C;2;C;34;24;37;65;1,65;100;45;16,64;Y;United States
1950;1954;1954-ott;Madeline Castle;;Caucasian;;Brunette;18/08/1933;21;35C;2;C;35;23;35;;;;;;Y;United States
1950;1954;1954-nov;Diane Hunter;;Caucasian;;Redhead;14/07/1937;17;34D;3;D;34;24;35;66;1,68;125;57;20,18;Y;Tacoma, Washington, United States
1950;1954;1954-dic;Terry Ryan;;Caucasian;;Blonde;01/12/1933;21;36D;3;D;36;24;36;;;;;;Y;United States
1950;1955;1955-gen;Bettie Page;;Caucasian;;Brunette;22/04/1923;32;32C;2;C;32;23;35;65;1,65;128;58;21,30;Y;Nashville, Tennessee, United States
1950;1955;1955-feb;Jayne Mansfield;;Caucasian;;Blonde;19/04/1933;22;40D;3;D;40;21;32;66;1,68;120;54;19,37;Y;Bryn Mawr, Pennsylvania, United States
1950;1955;1955-apr;Margaret Scott;Marilyn Waltz;Caucasian;;Blonde;05/11/1931;24;36C;2;C;36;23;34;64;1,63;113;51;19,40;Y;Waukesha, Wisconsin, United States
1950;1955;1955-mag;Marguerite Empey;;Caucasian;;Brunette;29/07/1932;23;39C;2;C;39;23;37;66;1,68;100;45;16,14;Y;Los Angeles, California, United States
1950;1955;1955-giu;Eve Meyer;;Caucasian;;Blonde;13/12/1928;27;39D;3;D;39;25;35;66;1,68;115;52;18,56;Y;Atlanta, Georgia, United States
1950;1955;1955-lug;Janet Pilgrim;;Caucasian;;Blonde;13/06/1934;21;36D;3;D;36;24;36;66;1,68;115;52;18,56;Y;Wheaton, Illinois, United States
1950;1955;1955-ago;Pat Lawler;;Caucasian;;Brunette;29/12/1929;26;38D;3;D;38;22;36;;;;;;Y;United States
1950;1955;1955-set;Anne Fleming;;Caucasian;Brown;Brunette;01/12/1929;26;37C;2;C;37;23;36;;;;;;Y;United States
1950;1955;1955-ott;Jean Moorehead;;Caucasian;;Blonde;01/01/1936;19;35C;2;C;35;23;35;;;;;;Y;Los Angeles, California, United States
1950;1955;1955-nov;Barbara Cameron;;Caucasian;;Redhead;01/01/1930;25;33B;1;B;33;21;33;;;;;;Y;United States
1950;1955;1955-dic;Janet Pilgrim;;Caucasian;;Blonde;13/06/1934;21;36D;3;D;36;24;36;66;1,68;115;52;18,56;Y;Wheaton, Illinois, United States
1950;1956;1956-gen;Lynn Turner;;Caucasian;Brown;Redhead;01/12/1935;21;38D;3;D;38;24;37;;;;;;Y;California, United States
1950;1956;1956-feb;Marguerite Empey;Diane Webber;Caucasian;Brown;Redhead;29/07/1932;24;39C;2;C;39;23;37;66;1,68;100;45;16,14;Y;Los Angeles, California, United States
1950;1956;1956-mar;Marian Stafford;;Caucasian;;Blonde;07/02/1933;23;34C;2;C;34;21;34;63;1,60;;;;Y;Houston, Texas, United States
1950;1956;1956-apr;Rusty Fisher;;Caucasian;;Brunette;05/04/1935;21;36C;2;C;36;22;35;66;1,68;115;52;18,56;Y;Colorado, United States
1950;1956;1956-mag;Marion Scott;;Caucasian;Blue;Blonde;01/01/1930;26;36D;3;D;36;23;35;66;1,68;;;;N;Germany
1950;1956;1956-giu;Gloria Walker;;Caucasian;Brown;Redhead;16/07/1937;19;36C;2;C;36;21;32;64;1,63;108;49;18,54;Y;Bronx, New York, United States
1950;1956;1956-lug;Alice Denham;;;Brown;Brunette;21/01/1933;23;36E;5;E;36;24;34;62;1,57;105;48;19,20;Y;Jacksonville, Florida, United States
1950;1956;1956-ago;Jonnie Nicely;;Caucasian;;Redhead;25/02/1936;20;37D;3;D;37;24;36;67;1,70;122;55;19,11;Y;Fort Smith, Arkansas, United States
1950;1956;1956-set;Elsa Sorensen;;Caucasian;Blue;Blonde;25/03/1934;22;38D;3;D;38;24;35;66;1,68;;;;N;Copenhagen, Denmark
1950;1956;1956-ott;Janet Pilgrim;;Caucasian;;Blonde;13/06/1934;22;36D;3;D;36;24;36;66;1,68;115;52;18,56;Y;Wheaton, Illinois, United States
1950;1956;1956-nov;Betty Blue;;;;Brunette;14/08/1931;25;39D;3;D;39;22;36;63;1,60;128;58;22,67;Y;Memphis, Arkansas, United States
1950;1956;1956-dic;Lisa Winters;;;;Blonde;01/12/1935;21;35C;2;C;35;23;35;62;1,57;106;48;19,39;Y;Florida, United States
1950;1957;1957-gen;June Blair;;;;Redhead;20/10/1933;24;36C;2;C;36;25;36;65;1,65;120;54;19,97;Y;San Francisco, California, United States
1950;1957;1957-feb;Sally Todd;;;;Blonde;07/06/1934;23;35C;2;C;35;23;35;;;;;;Y;United States
1950;1957;1957-mar;Sandra Edwards;;;;Brunette;12/03/1938;19;36C;2;C;36;20;36;67;1,70;120;54;18,79;Y;Los Angeles, California, United States
1950;1957;1957-apr;Gloria Windsor;;;;Blonde;01/01/1935;22;35C;2;C;35;25;35;;;;;;Y;United States
1950;1957;1957-mag;Dawn Richard;;;;Brunette;05/03/1936;21;36C;2;C;36;23;36;65;1,65;120;54;19,97;Y;Los Angeles, California, United States
1950;1957;1957-giu;Carrie Radison;;;;Redhead;01/11/1938;19;35B;1;B;35;22;35;65;1,65;;;;Y;Philadelphia, Pennsylvania, United States
1950;1957;1957-lug;Jean Jani;;;;Brunette;31/10/1931;26;38D;3;D;38;23;34;63;1,60;120;54;21,26;Y;Dayton, Ohio, United States
1950;1957;1957-ago;Dolores Donlon;;;;Blonde;19/09/1926;31;36C;2;C;36;23;33;67;1,70;110;50;17,23;Y;Philadelphia, Pennsylvania, United States
1950;1957;1957-set;Jacquelyn Prescott;;;;Blonde;01/01/1936;21;39C;2;C;39;23;37;;;117;53;;Y;Redlands, California, United States
1950;1957;1957-ott;Colleen Farrington;;;;Redhead;20/04/1936;21;38D;3;D;38;22;33;68;1,73;110;50;16,73;Y;Davisboro, Georgia, United States
1950;1957;1957-nov;Marlene Callahan;;;;Blonde;24/08/1937;20;34C;2;C;34;22;33;62;1,57;98;44;17,92;Y;Ventura, California, United States
1950;1957;1957-dic;Linda Vargas;;;;Brunette;20/04/1939;18;35B;1;B;35;21;35;;;;;;Y;United States
1950;1958;1958-gen;Elizabeth Ann Roberts;;;;Brunette;04/08/1941;17;34B;1;B;34;22;34;66;1,68;100;45;16,14;Y;United States
1950;1958;1958-feb;Cheryl Kubert;;;;Brunette;01/01/1935;23;36C;2;C;36;26;37;65;1,65;115;52;19,14;Y;Los Angeles, California, United States
1950;1958;1958-mar;Zahra Norbo;;;;Redhead;07/02/1934;24;38C;2;C;38;24;35;67;1,70;115;52;18,01;N;Sweden
1950;1958;1958-apr;Felicia Atkins;;;;Brunette;05/04/1937;21;38DD;4;DD;38;23;36;68;1,73;;;;N;Australia
1950;1958;1958-mag;Lari Laine;;;;Blonde;13/04/1937;21;38D;3;D;38;21;34;69;1,75;124;56;18,31;Y;Brentwood, California, United States
1950;1958;1958-giu;Judy Lee Tomerlin;;;;Redhead;20/05/1940;18;40D;3;D;40;20;36;65;1,65;120;54;19,97;Y;United States
1950;1958;1958-lug;Linne Nanette Ahlstrand;;Caucasian;;Brunette;01/07/1936;22;C;2;C;;;;62;1,57;;;;Y;Chicago, Illinois, United States
1950;1958;1958-ago;Myrna Weber;;;;Brunette;22/04/1938;20;37D;3;D;37;24;36;;;;;;Y;Florida, United States
1950;1958;1958-set;Teri Hope;;;;Blonde;15/02/1939;19;37D;3;D;37;24;36;62;1,57;100;45;18,29;Y;Pittsburgh, Pennsylvania, United States
1950;1958;1958-ott;Mara Corday;;;;Brunette;03/01/1930;28;35C;2;C;35;24;35;65;1,65;118;54;19,64;Y;Santa Monica, California, United States
1950;1958;1958-ott;Pat Sheehan;;;;Blonde;07/09/1931;27;35C;2;C;35;22;34;66;1,68;120;54;19,37;Y;San Francisco, California, United States
1950;1958;1958-nov;Joan Staley;;;;Blonde;20/05/1940;18;34C;2;C;34;23;34;65;1,65;118;54;19,64;Y;Minneapolis, Minnesota, United States
1950;1958;1958-dic;Joyce Nizzari;;;;Brunette;20/05/1940;18;34B;1;B;34;24;34;66;1,68;118;54;19,05;Y;Bronx, New York, United States
1950;1959;1959-gen;Virginia Gordon;;;;Brunette;28/10/1936;23;37D;3;D;37;22;36;66;1,68;120;54;19,37;Y;Chaplin, West Wirginia, United States
1950;1959;1959-feb;Eleanor Bradley;;;;Redhead;13/12/1938;21;40D;3;D;40;22;37;68;1,73;135;61;20,53;Y;Waukegan, Illinois, United States
1950;1959;1959-mar;Audrey Daston;;;Brown;Blonde;01/01/1930;29;36D;3;D;36;24;36;;;;;;Y;Boise, Idaho, United States
1950;1959;1959-apr;Nancy Crawford;;;;Brunette;16/04/1941;18;36C;2;C;36;24;36;65;1,65;125;57;20,80;Y;Valhalla, New York, United States
1950;1959;1959-mag;Cindy Fuller;;;;Brunette;13/05/1938;21;36D;3;D;36;24;36;66;1,68;124;56;20,01;Y;Boston, Massachusetts, United States
1950;1959;1959-giu;Marilyn Hanold;;;;Brunette;09/06/1938;21;39D;3;D;39;26;38;68;1,73;115;52;17,49;Y;Jamaica, New York, United States
1950;1959;1959-lug;Yvette Vickers;;;;Blonde;26/08/1936;23;36D;3;D;36;24;36;63;1,60;105;48;18,60;Y;Kansas City, Missouri, United States
1950;1959;1959-ago;Clayre Peters;;;;Brunette;01/01/1935;24;34C;2;C;34;25;35;;;;;;Y;United States
1950;1959;1959-set;Marianne Gaba;;;;Redhead;13/11/1939;20;34C;2;C;34;24;34;66;1,68;110;50;17,75;Y;Chicago, Illinois, United States
1950;1959;1959-ott;Elaine Reynolds;;;;Brunette;07/09/1939;20;39DD;4;DD;39;25;37;68;1,73;130;59;19,77;Y;Jersey City, New Jersey, United States
1950;1959;1959-nov;Donna Lynn;;;;Blonde;21/09/1936;23;36C;2;C;36;22;36;63;1,60;115;52;20,37;Y;Walukee, Oklahoma, United States
1950;1959;1959-dic;Ellen Stratton;;;;Blonde;09/06/1939;20;35C;2;C;35;20;35;64;1,63;110;50;18,88;Y;Marietta, Mississippi, United States
1960;1960;1960-gen;Stella Stevens;;;;Blonde;01/10/1938;22;37C;2;C;37;22;36;65;1,65;118;54;19,64;Y;Yazoo City, Mississippi, United States
1960;1960;1960-feb;Susie Scott;;;;Brunette;22/08/1938;22;37C;2;C;37;23;36;67;1,70;130;59;20,36;Y;Chicago, Illinois, United States
1960;1960;1960-mar;Sally Sarell;;;;Blonde;25/06/1938;22;37D;3;D;37;24;36;68;1,73;126;57;19,16;Y;Ashtabula, Ohio, United States
1960;1960;1960-apr;Linda Gamble;;;;Blonde;11/09/1939;21;38D;3;D;38;23;37;64;1,63;112;51;19,22;Y;Pittsburgh, Pennsylvania, United States
1960;1960;1960-mag;Ginger Young;;;;Redhead;11/03/1939;21;36C;2;C;36;23;36;65;1,65;125;57;20,80;Y;United States
1960;1960;1960-giu;Delores Wells;;;;Brunette;17/10/1937;23;36C;2;C;36;20;36;62;1,57;108;49;19,75;Y;Reading, Pennsylvania, United States
1960;1960;1960-lug;Teddi Smith;;;;Brunette;21/09/1942;18;37D;3;D;37;22;35;65;1,65;110;50;18,30;Y;Hastings, Nebraska, United States
1960;1960;1960-ago;Elaine Paul;;;;Brunette;11/08/1938;22;34C;2;C;34;23;35;64;1,63;120;54;20,60;Y;United States
1960;1960;1960-set;Ann Davis;;;Brown;Brunette;17/06/1938;22;38D;3;D;38;20;35;62;1,57;105;48;19,20;Y;United States
1960;1960;1960-ott;Kathy Douglas;;;;Redhead;23/05/1942;18;34B;1;B;34;21;34;65;1,65;114;52;18,97;Y;Hollywood, California, United States
1960;1960;1960-nov;Joni Mattis;;;;Brunette;28/11/1938;22;33B;1;B;33;18;32;62;1,57;;;;Y;Chicago, Illinois, United States
1960;1960;1960-dic;Carol Eden;;;;Blonde;19/05/1942;18;37D;3;D;37;23;35;66;1,68;120;54;19,37;Y;Hollywood, California, United States
1960;1961;1961-gen;Connie Cooper;;;;Brunette;20/09/1941;20;37D;3;D;37;21;36;65;1,65;110;50;18,30;Y;United States
1960;1961;1961-feb;Barbara Ann Lawford;;;;Brunette;07/10/1942;19;36D;3;D;36;24;36;67;1,70;120;54;18,79;Y;United States
1960;1961;1961-mar;Tonya Crews;;;;Brunette;02/02/1938;23;38D;3;D;38;22;36;64;1,63;117;53;20,08;Y;Oklahoma, United States
1960;1961;1961-apr;Nancy Nielsen;;;;Brunette;14/12/1940;21;36C;2;C;36;24;36;67;1,70;125;57;19,58;Y;United States
1960;1961;1961-mag;Susan Kelly;;;;Blonde;15/02/1938;23;36D;3;D;36;22;35;63;1,60;108;49;19,13;Y;Oklahoma, United States
1960;1961;1961-giu;Heidi Becker;;;;Brunette;11/10/1940;21;36D;3;D;36;22;34;64;1,63;105;48;18,02;N;Klagenfurt, Austria
1960;1961;1961-lug;Sheralee Conners;;;;Brunette;12/12/1941;20;35C;2;C;35;23;35;69;1,75;126;57;18,61;Y;New York City, New York, United States
1960;1961;1961-ago;Karen Thompson;;;;Blonde;01/01/1942;19;32B;1;B;32;26;34;;;;;;Y;United States
1960;1961;1961-set;Christa Speck;;;;Brunette;01/08/1942;19;38D;3;D;38;22;36;65;1,65;122;55;20,30;N;Danzig, Germany
1960;1961;1961-ott;Jean Cannon;;;;Brunette;05/10/1941;20;38D;3;D;38;24;37;64;1,63;120;54;20,60;Y;Long Island, New York, United States
1960;1961;1961-nov;Dianne Danford;;;;Blonde;09/08/1938;23;36C;2;C;36;22;35;67;1,70;120;54;18,79;Y;Chicago, Illinois, United States
1960;1961;1961-dic;Lynn Karrol;;;;Blonde;31/07/1939;22;35D;3;D;35;22;35;66;1,68;115;52;18,56;Y;Pittsburgh, Pennsylvania, United States
1960;1962;1962-gen;Merle Pertile;;;;Redhead;23/11/1941;21;38D;3;D;38;22;34;65;1,65;112;51;18,64;Y;Whittier, California, United States
1960;1962;1962-feb;Kari Knudsen;;;;Brunette;17/01/1939;23;36C;2;C;36;23;35;64;1,63;117;53;20,08;N;Romsdal, Norway
1960;1962;1962-mar;Pamela Gordon;;;;Blonde;10/02/1943;19;39D;3;D;39;23;35;61;1,55;104;47;19,65;N;Canada
1960;1962;1962-apr;Roberta Lane;;;;Brunette;14/03/1943;19;34C;2;C;34;21;34;62;1,57;102;46;18,66;Y;Queens, New York, United States
1960;1962;1962-mag;Marya Carter;;;;Brunette;12/05/1942;20;37C;2;C;37;23;36;68;1,73;126;57;19,16;Y;Los Angeles, California, United States
1960;1962;1962-giu;Merissa Mathes;;;;Brunette;26/01/1940;22;36C;2;C;36;22;36;64;1,63;116;53;19,91;Y;Moses Lake, Washington, United States
1960;1962;1962-lug;Unne Terjesen;;;;Blonde;20/03/1943;19;39D;3;D;39;23;39;67;1,70;129;59;20,20;N;Odda, Norway
1960;1962;1962-ago;Jan Roberts;;;;Blonde;11/04/1939;23;39D;3;D;39;23;35;65;1,65;120;54;19,97;Y;Brooklyn, New York, United States
1960;1962;1962-set;Mickey Winters;;;;Redhead;30/09/1940;22;36C;2;C;36;18;34;60;1,52;100;45;19,53;N;Paris, France
1960;1962;1962-ott;Laura Young;;;;Brunette;22/05/1938;24;36D;3;D;36;25;36;66;1,68;125;57;20,18;Y;Long Branch, New Jersey, United States
1960;1962;1962-nov;Avis Kimble;;;Brown;Redhead;18/10/1944;18;39D;3;D;39;22;36;65;1,65;124;56;20,63;Y;Chicago, Illinois, United States
1960;1962;1962-dic;June Cochran;;;;Blonde;20/02/1942;20;36D;3;D;36;20;34;62;1,57;102;46;18,66;Y;Indianapolis, Indiana, United States
1960;1963;1963-gen;Judi Monterey;;;;Brunette;12/01/1944;19;34B;1;B;34;22;33;61;1,55;100;45;18,89;Y;Bell, California, United States
1960;1963;1963-feb;Toni Ann Thomas;;;;Brunette;15/04/1944;19;38D;3;D;38;22;36;65;1,65;120;54;19,97;Y;Huntington Beach, California, United States
1960;1963;1963-mar;Adrienne Moreau;;;Brown;Blonde;05/07/1941;22;38D;3;D;38;22;36;67;1,70;125;57;19,58;Y;Trenton, New Jersey, United States
1960;1963;1963-apr;Sandra Settani;;;;Brunette;18/02/1938;25;37D;3;D;37;24;36;68;1,73;137;62;20,83;Y;Wisconsin, United States
1960;1963;1963-mag;Sharon Cintron;;;;Blonde;16/01/1945;18;36C;2;C;36;23;36;64;1,63;110;50;18,88;Y;Perth Amboy, New Jersey, United States
1960;1963;1963-giu;Connie Mason;;;;Blonde;24/08/1937;26;34C;2;C;34;23;34;66;1,68;115;52;18,56;Y;Washington D.C., District of Columbia, United States
1960;1963;1963-lug;Carrie Enwright;;;;Brunette;25/08/1943;20;39D;3;D;39;24;36;65;1,65;123;56;20,47;Y;California, United States
1960;1963;1963-ago;Phyllis Sherwood;;;;Blonde;30/09/1937;26;34B;1;B;34;22;35;61;1,55;115;52;21,73;Y;Niagara Falls, New York, United States
1960;1963;1963-set;Victoria Valentino;;;;Brunette;13/12/1942;21;35D;3;D;35;22;35;63;1,60;110;50;19,49;Y;Los Angeles, California, United States
1960;1963;1963-ott;Christine Williams;;;;Blonde;07/01/1945;18;37C;2;C;37;26;37;72;1,83;150;68;20,34;N;Basingstoke, United Kingdom
1960;1963;1963-nov;Terre Tucker;;;;Brunette;09/10/1944;19;36C;2;C;36;21;35;66;1,68;120;54;19,37;Y;Arizona, United States
1960;1963;1963-dic;Donna Michelle;;;;Brunette;08/12/1945;18;38D;3;D;38;22;37;64;1,63;118;54;20,25;Y;Los Angeles, California, United States
1960;1964;1964-gen;Sharon Rogers;;;;Brunette;19/11/1942;22;35C;2;C;35;22;35;62;1,57;109;49;19,94;Y;Seattle, Washington, United States
1960;1964;1964-feb;Nancy Jo Hooper;;;;Brunette;17/07/1943;21;36C;2;C;36;21;36;66;1,68;105;48;16,95;Y;Georgia, United States
1960;1964;1964-mar;Nancy Scott;;;;Blonde;02/10/1941;23;34C;2;C;34;25;34;66;1,68;120;54;19,37;Y;Hollywood, California, United States
1960;1964;1964-apr;Ashlyn Martin;;;Brown;Brunette;20/03/1946;18;37C;2;C;37;24;36;65;1,65;118;54;19,64;N;London, United Kingdom
1960;1964;1964-mag;Terri Kimball;;;;Brunette;05/10/1944;20;36C;2;C;36;23;36;65;1,65;117;53;19,47;Y;Fort Myers, Florida, United States
1960;1964;1964-giu;Lori Winston;;;;Redhead;24/08/1944;20;34C;2;C;34;23;34;62;1,57;110;50;20,12;Y;Pasadena, California, United States
1960;1964;1964-lug;Melba Ogle;;;;Blonde;13/11/1942;22;39D;3;D;39;22;35;62;1,57;110;50;20,12;Y;Cheyenne, Wyoming, United States
1960;1964;1964-ago;China Lee;;Asian;Brown;Brunette;02/09/1942;22;35C;2;C;35;22;35;64;1,63;112;51;19,22;Y;New Orleans, Louisiana, United States
1960;1964;1964-set;Astrid Schulz;;;Brown;Brunette;12/09/1939;25;36C;2;C;36;23;36;67;1,70;120;54;18,79;N;Heemstede, The Netherlands
1960;1964;1964-ott;Rosemarie Hillcrest;;;;Blonde;05/01/1943;21;41F;6;F;41;25;38;66;1,68;145;66;23,40;N;United Kingdom
1960;1964;1964-nov;Kai Brendlinger;;;;Brunette;08/09/1943;21;35C;2;C;35;23;35;63;1,60;117;53;20,73;Y;Minneapolis, Minnesota, United States
1960;1964;1964-dic;Jo Collins;;;Brown;Brunette;05/08/1945;19;36C;2;C;36;24;36;64;1,63;112;51;19,22;Y;Lebanon, Oregon, United States
1960;1965;1965-gen;Sally Duberson;;;;Brunette;23/10/1942;23;35C;2;C;35;22;34;65;1,65;110;50;18,30;Y;New York City, New York, United States
1960;1965;1965-feb;Jessica St. George;;;;Brunette;13/10/1946;19;36D;3;D;36;23;36;65;1,65;115;52;19,14;Y;Los Angeles, California, United States
1960;1965;1965-mar;Jennifer Jackson;;;;Brunette;06/02/1945;20;38C;2;C;38;24;34;67;1,70;117;53;18,32;Y;Cleveland, Ohio, United States
1960;1965;1965-apr;Sue Williams;;;;Blonde;14/11/1945;20;34D;3;D;34;20;34;59;1,50;98;44;19,79;Y;Glendale, California, United States
1960;1965;1965-mag;Maria McBane;;;;Brunette;08/02/1946;19;36C;2;C;36;22;36;63;1,60;105;48;18,60;N;Avignon, France
1960;1965;1965-giu;Hedy Scott;;;;Brunette;24/01/1946;19;34B;1;B;34;22;35;65;1,65;120;54;19,97;N;Jodoigne, Belgium
1960;1965;1965-lug;Gay Collier;;;;Redhead;09/10/1942;23;36D;3;D;36;23;35;65;1,65;120;54;19,97;Y;New Orleans, Louisiana, United States
1960;1965;1965-ago;Lannie Balcom;;;;Blonde;14/03/1941;24;34B;1;B;34;22;36;66;1,68;115;52;18,56;Y;Clarkdale, Arizona, United States
1960;1965;1965-set;Patti Reynolds;;;;Brunette;28/05/1948;17;34C;2;C;34;19;34;65;1,65;113;51;18,80;Y;Chicago, Illinois, United States
1960;1965;1965-ott;Allison Parks;;;Blue;Blonde;18/10/1941;24;36C;2;C;36;24;36;66;1,68;117;53;18,88;Y;Glendale, California, United States
1960;1965;1965-nov;Pat Russo;;;;Brunette;05/10/1941;24;35B;1;B;35;22;35;67;1,70;118;54;18,48;Y;Morristown, New Jersey, United States
1960;1965;1965-dic;Dinah Willis;;;;Blonde;05/08/1945;20;37B;1;B;37;23;36;68;1,73;115;52;17,49;Y;Odessa, Texas, United States
1960;1966;1966-gen;Judy Tyler;;;;Brunette;24/12/1947;19;36C;2;C;36;22;34;63;1,60;100;45;17,71;Y;Los Angeles, California, United States
1960;1966;1966-feb;Melinda Windsor;;;;Brunette;25/06/1944;22;38E;5;E;38;23;36;64;1,63;119;54;20,43;Y;Akron, Ohio, United States
1960;1966;1966-mar;Priscilla Wright;;;;Blonde;20/11/1943;23;34B;1;B;34;19;35;62;1,57;105;48;19,20;Y;Santa Barbara County, California, United States
1960;1966;1966-apr;Karla Conway;Sachi;;;Brunette;05/07/1946;20;35D;3;D;35;22;36;59;1,50;98;44;19,79;Y;Pasadena, California, United States
1960;1966;1966-mag;Dolly Read;;Caucasian;;Brunette;13/09/1944;22;37D;3;D;37;24;37;64;1,63;120;54;20,60;N;Bristol, United Kingdom
1960;1966;1966-giu;Kelly Burke;;Caucasian;;Brunette;31/12/1944;22;34B;1;B;34;22;33;61;1,55;100;45;18,89;Y;Los Angeles, California, United States
1960;1966;1966-lug;Tish Howard;;;;Brunette;04/07/1946;20;34A;0,5;A;34;23;34;65;1,65;108;49;17,97;Y;New York City, New York, United States
1960;1966;1966-ago;Susan Denberg;;Caucasian;Blue;Blonde;02/08/1944;22;34C;2;C;34;25;34;67;1,70;123;56;19,26;N;Klagenfurt, Austria
1960;1966;1966-set;Dianne Chandler;;;Brown;Brunette;31/12/1946;20;37C;2;C;37;24;37;67;1,70;130;59;20,36;Y;Oak Park, Illinois, United States
1960;1966;1966-ott;Linda Moon;;Native American;;Blonde;24/09/1948;18;39E;5;E;39;24;36;65;1,65;125;57;20,80;Y;Michigan, United States
1960;1966;1966-nov;Lisa Baker;;Caucasian;;Brunette;19/03/1944;22;35E;5;E;35;23;35;68;1,73;132;60;20,07;Y;Detroit, Texas, United States
1960;1966;1966-dic;Susan Bernard;;Caucasian;;Brunette;11/02/1948;18;35C;2;C;35;22;35;63;1,60;105;48;18,60;Y;Los Angeles, California, United States
1960;1967;1967-gen;Surrey Marshe;;Caucasian;Blue;Blonde;11/11/1947;20;35C;2;C;35;22;34;62;1,57;100;45;18,29;N;Denmark
1960;1967;1967-feb;Kim Farber;;Caucasian;Brown;Brunette;07/12/1946;21;35C;2;C;35;20;34;64;1,63;108;49;18,54;Y;Chicago, Illinois, United States
1960;1967;1967-mar;Fran Gerard;;Caucasian;Brown;Brunette;23/03/1948;19;39F;6;F;39;24;36;62;1,57;110;50;20,12;Y;Staten Island, New York, United States
1960;1967;1967-apr;Gwen Wong;;Asian;Brown;Brunette;12/08/1942;25;35B;1;B;35;23;34;60;1,52;100;45;19,53;N;Manila, Philippines
1960;1967;1967-mag;Anne Randall;;Caucasian;Blue;Blonde;23/09/1944;23;35C;2;C;35;23;35;64;1,63;108;49;18,54;Y;Alameda, California, United States
1960;1967;1967-giu;Joey Gibson;;;;Blonde;11/08/1945;22;39D;3;D;39;25;36;66;1,68;128;58;20,66;Y;California, United States
1960;1967;1967-lug;Heather Ryan;;;;Blonde;18/03/1947;20;37B;1;B;37;20;35;66;1,68;116;53;18,72;Y;Newport, Kentucky, United States
1960;1967;1967-ago;DeDe Lind;;;;Blonde;15/04/1947;20;34D;3;D;34;21;33;62;1,57;98;44;17,92;Y;Los Angeles, California, United States
1960;1967;1967-set;Angela Dorian;;;Brown;Brunette;26/09/1944;23;36D;3;D;36;21;35;65;1,65;109;49;18,14;Y;San Francisco, California, United States
1960;1967;1967-ott;Reagan Wilson;;;;Blonde;06/03/1947;20;40D;3;D;40;25;35;70;1,78;135;61;19,37;Y;Torrance, California, United States
1960;1967;1967-nov;Kaya Christian;;;;Blonde;04/10/1946;21;36C;2;C;36;23;34;66;1,68;115;52;18,56;Y;California, United States
1960;1967;1967-dic;Lynn Winchell;;;;Brunette;04/05/1947;20;34B;1;B;34;23;34;60;1,52;100;45;19,53;Y;New York City, New York, United States
1960;1968;1968-gen;Connie Kreski;;;;Blonde;19/09/1946;22;35C;2;C;35;23;36;65;1,65;118;54;19,64;Y;Wyandotte, Michigan, United States
1960;1968;1968-feb;Nancy Harwood;;;;Brunette;17/12/1948;20;36B;1;B;36;22;35;67;1,70;115;52;18,01;Y;Riverside, California, United States
1960;1968;1968-mar;Michelle Hamilton;;;;Brunette;20/12/1948;20;38D;3;D;38;23;35;64;1,63;110;50;18,88;Y;Elmira, New York, United States
1960;1968;1968-apr;Gaye Rennie;;;;Blonde;21/09/1949;19;35C;2;C;35;24;35;66;1,68;118;54;19,05;Y;Los Angeles, California, United States
1960;1968;1968-mag;Elizabeth Jordan;;;;Brunette;11/01/1945;23;33B;1;B;33;21;33;62;1,57;93;42;17,01;Y;Fort Myers, Florida, United States
1960;1968;1968-giu;Britt Fredriksen;;;;Redhead;01/10/1945;23;34B;1;B;34;22;34;64;1,63;108;49;18,54;N;Norway
1960;1968;1968-lug;Melodye Prentiss;;;;Blonde;14/12/1944;24;34C;2;C;34;23;34;65;1,65;100;45;16,64;Y;Chicago, Illinois, United States
1960;1968;1968-ago;Gale Olson;;;;Brunette;27/10/1947;21;36C;2;C;36;23;35;64;1,63;110;50;18,88;Y;Fort Sill, Oklahoma, United States
1960;1968;1968-set;Dru Hart;;;;Brunette;25/11/1948;20;36C;2;C;36;24;35;64;1,63;122;55;20,94;Y;San Fernando, California, United States
1960;1968;1968-ott;Majken Haugedal;;;;Blonde;26/03/1947;21;34B;1;B;34;22;34;65;1,65;108;49;17,97;N;Copenhagen, Denmark
1960;1968;1968-nov;Paige Young;;;;Brunette;16/03/1944;24;36C;2;C;36;24;36;65;1,65;118;54;19,64;Y;Los Angeles, California, United States
1960;1968;1968-dic;Cynthia Myers;;;Brown;Brunette;12/09/1950;18;39DD;4;DD;39;24;36;63;1,60;119;54;21,08;Y;Toledo, Ohio, United States
1960;1969;1969-gen;Leslie Bianchini;;;;Brunette;12/02/1947;22;36B;1;B;36;24;37;67;1,70;130;59;20,36;Y;Chicago, Illinois, United States
1960;1969;1969-feb;Lorrie Menconi;;;;Brunette;24/02/1948;21;37D;3;D;37;21;36;66;1,68;118;54;19,05;Y;Philadelphia, Pennsylvania, United States
1960;1969;1969-mar;Kathy MacDonald;;;;Blonde;07/12/1946;23;36D;3;D;36;24;34;64;1,63;120;54;20,60;Y;New Jersey, United States
1960;1969;1969-apr;Lorna Hopper;;;;Blonde;31/08/1950;19;35B;1;B;35;23;34;64;1,63;105;48;18,02;Y;Houston, Texas, United States
1960;1969;1969-mag;Sally Sheffield;;;;Brunette;17/06/1941;28;36D;3;D;36;24;35;64;1,63;110;50;18,88;Y;Brooklyn, New York, United States
1960;1969;1969-giu;Helena Antonaccio;;;;Blonde;21/03/1949;20;36B;1;B;36;24;34;63;1,60;110;50;19,49;Y;Morristown, New Jersey, United States
1960;1969;1969-lug;Nancy McNeil;;;Green;Brunette;13/12/1947;22;36D;3;D;36;24;34;62;1,57;105;48;19,20;Y;Los Angeles, California, United States
1960;1969;1969-ago;Debbie Hooper;;;;Brunette;24/01/1948;21;36C;2;C;36;25;36;63;1,60;112;51;19,84;Y;Cleveland, Ohio, United States
1960;1969;1969-set;Shay Knuth;;;;Blonde;29/05/1945;24;36C;2;C;36;23;35;63;1,60;110;50;19,49;Y;Milwaukee, Wisconsin, United States
1960;1969;1969-ott;Jean Bell;;;;Brunette;23/11/1944;25;34C;2;C;34;23;36;64;1,63;117;53;20,08;Y;St. Louis, Missouri, United States
1960;1969;1969-nov;Claudia Jennings;;;;Redhead;20/12/1949;20;35B;1;B;35;23;36;66;1,68;115;52;18,56;Y;St. Paul, Minnesota, United States
1960;1969;1969-dic;Gloria Root;;;;Brunette;28/05/1948;21;34C;2;C;34;23;34;62;1,57;105;48;19,20;Y;Chicago, Illinois, United States
1970;1970;1970-gen;Jill Taylor;;;;Blonde;14/10/1951;19;37D;3;D;37;24;36;64;1,63;120;54;20,60;Y;Van Nuys, California, United States
1970;1970;1970-feb;Linda Forsythe;;;;Brunette;14/05/1950;20;35C;2;C;35;23;35;63;1,60;115;52;20,37;Y;Jersey City, New Jersey, United States
1970;1970;1970-mar;Chris Koren;;;;Brunette;08/08/1947;23;35B;1;B;35;24;35;67;1,70;120;54;18,79;Y;Cleveland, Ohio, United States
1970;1970;1970-apr;Barbara Hillary;;;;Blonde;18/02/1949;21;37D;3;D;37;24;35;66;1,68;118;54;19,05;Y;Milwaukee, Wisconsin, United States
1970;1970;1970-mag;Jennifer Liano;;;Brown;Brunette;24/02/1948;22;36C;2;C;36;22;34;64;1,63;105;48;18,02;Y;San Diego, California, United States
1970;1970;1970-giu;Elaine Morton;;;;Blonde;17/08/1949;21;35B;1;B;35;24;35;65;1,65;110;50;18,30;Y;Wichita Falls, Texas, United States
1970;1970;1970-lug;Carol Willis;;;;Brunette;17/04/1949;21;35C;2;C;35;25;36;66;1,68;120;54;19,37;Y;Bowie County, Texas, United States
1970;1970;1970-ago;Sharon Clark;;;;Blonde;15/10/1943;27;35C;2;C;35;24;36;66;1,68;115;52;18,56;Y;Seminole, Oklahoma, United States
1970;1970;1970-set;Debbie Ellison;;;;Blonde;17/06/1949;21;35A;0,5;A;35;24;36;66;1,68;118;54;19,05;Y;United States
1970;1970;1970-ott;Madeleine Collinson;;;;Brunette;22/07/1952;18;34C;2;C;34;22;35;66;1,68;110;50;17,75;N;Malta
1970;1970;1970-ott;Mary Collinson;;;;Brunette;22/07/1952;18;34C;2;C;34;22;35;66;1,68;110;50;17,75;N;Malta
1970;1970;1970-nov;Avis Miller;;;Hazel;Blonde;04/11/1945;25;39D;3;D;39;26;37;69;1,75;140;64;20,67;Y;Ohio, United States
1970;1970;1970-dic;Carol Imhof;;;;Brunette;13/03/1948;22;38D;3;D;38;25;35;65;1,65;118;54;19,64;Y;Chicago, Illinois, United States
1970;1971;1971-gen;Liv Lindeland;;;;Blonde;07/12/1945;26;36DD;4;DD;36;23;34;67;1,70;108;49;16,92;N;Norway
1970;1971;1971-feb;Willy Rey;;;;Redhead;25/08/1949;22;34C;2;C;34;23;34;64;1,63;108;49;18,54;N;Rotterdam, The Netherlands
1970;1971;1971-mar;Cynthia Hall;;;;Brunette;01/04/1951;20;37D;3;D;37;25;36;63;1,60;120;54;21,26;Y;Hinsdale, Illinois, United States
1970;1971;1971-apr;Chris Cranston;;;;Blonde;14/09/1946;25;36C;2;C;36;24;36;67;1,70;126;57;19,73;Y;Santa Monica, California, United States
1970;1971;1971-mag;Janice Pennington;;;;Brunette;08/07/1942;29;36B;1;B;36;23;36;68;1,73;123;56;18,70;Y;Seattle, Washington, United States
1970;1971;1971-giu;Lieko English;;;;Redhead;03/06/1947;24;36C;2;C;36;23;36;65;1,65;117;53;19,47;N;Okinawa, Japan
1970;1971;1971-lug;Heather Van Every;;;;Brunette;14/09/1951;20;32B;1;B;32;23;34;64;1,63;103;47;17,68;Y;Illinois, United States
1970;1971;1971-ago;Cathy Rowland;;;;Blonde;11/03/1950;21;35C;2;C;35;23;35;65;1,65;110;50;18,30;Y;Los Angeles, California, United States
1970;1971;1971-set;Crystal Smith;;;;Brunette;02/08/1951;20;37C;2;C;37;22;35;67;1,70;118;54;18,48;Y;Kansas City, Missouri, United States
1970;1971;1971-ott;Claire Rambeau;;;;Brunette;08/05/1951;20;36C;2;C;36;24;36;71;1,80;133;60;18,55;Y;Santa Barbara County, California, United States
1970;1971;1971-nov;Danielle de Vabre;;;;Brunette;19/11/1949;22;36D;3;D;36;25;34;64;1,63;120;54;20,60;N;Montreal, Canada
1970;1971;1971-dic;Karen Christy;;;;Blonde;11/03/1951;20;37C;2;C;37;24;36;66;1,68;120;54;19,37;Y;Abilene, Texas, United States
1970;1972;1972-gen;Marilyn Cole;;;Hazel;Brunette;07/05/1949;23;36DD;4;DD;36;24;35;68;1,73;119;54;18,09;Y;Portsmouth, Indiana, United States
1970;1972;1972-feb;P.J. Lansing;;;;Blonde;13/10/1949;23;36C;2;C;36;25;36;64;1,63;121;55;20,77;Y;Frankford, Missouri, United States
1970;1972;1972-mar;Ellen Michaels;;;;Brunette;12/02/1953;19;37D;3;D;37;24;35;63;1,60;107;49;18,95;Y;Queens, New York, United States
1970;1972;1972-apr;Vicki Peters;;;;Blonde;09/09/1950;22;34C;2;C;34;22;34;68;1,73;115;52;17,49;Y;Minneapolis, Minnesota, United States
1970;1972;1972-mag;Deanna Baker;;;;Brunette;29/12/1949;23;35C;2;C;35;22;35;67;1,70;110;50;17,23;Y;St. Louis, Missouri, United States
1970;1972;1972-giu;Debbie Davis;;;;Brunette;09/09/1951;21;36D;3;D;36;24;36;67;1,70;122;55;19,11;Y;Pittsburgh, Pennsylvania, United States
1970;1972;1972-lug;Carol O'Neal;;;;Brunette;18/08/1948;24;35A;0,5;A;35;25;35;66;1,68;117;53;18,88;Y;New York City, New York, United States
1970;1972;1972-ago;Linda Summers;;;;Brunette;20/11/1950;22;36C;2;C;36;23;35;62;1,57;105;48;19,20;Y;San Diego, California, United States
1970;1972;1972-set;Susan Miller;;;;Brunette;22/03/1947;25;39C;2;C;39;25;39;73;1,85;140;64;18,47;Y;New York City, New York, United States
1970;1972;1972-ott;Sharon Johansen;;;;Blonde;11/10/1948;24;40DD;4;DD;40;22;37;68;1,73;125;57;19,01;N;Norway
1970;1972;1972-nov;Lenna Sjooblom;;;;Brunette;31/03/1951;21;34B;1;B;34;26;36;66;1,68;110;50;17,75;N;Sweden
1970;1972;1972-dic;Mercy Rooney;;;;Blonde;21/06/1950;22;36C;2;C;36;23;36;64;1,63;115;52;19,74;Y;New Jersey, United States
1970;1973;1973-gen;Miki Garcia;;;;Brunette;17/02/1947;26;38D;3;D;38;22;36;64;1,63;108;49;18,54;Y;Kingman, Arizona, United States
1970;1973;1973-feb;Cyndi Wood;;;;Blonde;25/09/1950;23;34C;2;C;34;22;34;65;1,65;103;47;17,14;Y;Burbank, California, United States
1970;1973;1973-mar;Bonnie Large;;;;Brunette;09/09/1952;21;36C;2;C;36;23;36;65;1,65;113;51;18,80;Y;Glendale, California, United States
1970;1973;1973-apr;Julie Woodson;;;;Brunette;11/07/1950;23;35C;2;C;35;24;35;68;1,73;125;57;19,01;Y;Hutchinson, Kansas, United States
1970;1973;1973-mag;Anulka Dziubinska;;;Blue;Blonde;14/12/1950;23;35C;2;C;35;23;35;64;1,63;105;48;18,02;N;Preston, United Kingdom
1970;1973;1973-giu;Ruthy Ross;;;;Brunette;22/03/1948;25;35C;2;C;35;23;35;62;1,57;103;47;18,84;Y;Bourbon, Missouri, United States
1970;1973;1973-lug;Martha Smith;;;;Blonde;16/10/1952;21;36C;2;C;36;23;35;66;1,68;110;50;17,75;Y;Cleveland, Ohio, United States
1970;1973;1973-ago;Phyllis Coleman;;;;Brunette;31/08/1949;24;35C;2;C;35;23;35;67;1,70;120;54;18,79;Y;White Plains, New York, United States
1970;1973;1973-set;Geri Glass;;;;Blonde;20/06/1949;24;38D;3;D;38;24;36;68;1,73;125;57;19,01;Y;Phoenix, Arizona, United States
1970;1973;1973-ott;Valerie Lane;;;;Brunette;04/08/1949;24;37C;2;C;37;24;36;67;1,70;125;57;19,58;Y;Long Beach, California, United States
1970;1973;1973-nov;Monica Tidwell;;;;Redhead;14/01/1954;19;37D;3;D;37;25;36;62;1,57;108;49;19,75;Y;Shreveport, Louisiana, United States
1970;1973;1973-dic;Christine Maddox;;;;Brunette;24/03/1950;23;38D;3;D;38;23;37;68;1,73;125;57;19,01;Y;Tracy, California, United States
1970;1974;1974-gen;Nancy Cameron;;;;Brunette;15/03/1954;20;35D;3;D;35;23;35;68;1,73;118;54;17,94;Y;Pittsburgh, Pennsylvania, United States
1970;1974;1974-feb;Francine Parks;;;;Brunette;30/01/1951;23;36D;3;D;36;24;34;65;1,65;110;50;18,30;Y;Mobile, Alabama, United States
1970;1974;1974-mar;Pamela Zinszer;;;;Brunette;06/09/1955;19;36C;2;C;36;24;36;63;1,60;112;51;19,84;Y;Kansas, United States
1970;1974;1974-apr;Marlene Morrow;;;;Blonde;15/03/1954;20;36B;1;B;36;25;36;68;1,73;125;57;19,01;Y;Billings, Montana, United States
1970;1974;1974-mag;Marilyn Lange;;;;Brunette;12/01/1952;22;39F;6;F;39;24;36;67;1,70;130;59;20,36;Y;Westfield, New Jersey, United States
1970;1974;1974-giu;Sandy Johnson;;;;Brunette;07/07/1954;20;35C;2;C;35;24;34;66;1,68;114;52;18,40;Y;San Antonio, Texas, United States
1970;1974;1974-lug;Carol Vitale;;;;Blonde;14/11/1946;28;37D;3;D;37;22;35;66;1,68;115;52;18,56;Y;Elizabeth, New Jersey, United States
1970;1974;1974-ago;Jean Manson;;;;Blonde;01/10/1950;24;36B;1;B;36;24;35;67;1,70;122;55;19,11;Y;Cleveland, Ohio, United States
1970;1974;1974-set;Kristine Hanson;;;;Blonde;23/09/1951;23;34C;2;C;34;23;35;65;1,65;112;51;18,64;Y;Illinois, United States
1970;1974;1974-ott;Ester Cordet;;;;Brunette;31/12/1946;28;36D;3;D;36;24;36;67;1,70;123;56;19,26;N;Panama
1970;1974;1974-nov;Bebe Buell;;;;Blonde;14/07/1953;21;35C;2;C;35;24;35;69;1,75;120;54;17,72;Y;Portsmouth, Virginia, United States
1970;1974;1974-dic;Janice Raymond;;;;Blonde;25/03/1951;23;38C;2;C;38;26;38;70;1,78;143;65;20,52;N;Lancashire, United Kingdom
1970;1975;1975-gen;Lynnda Kimball;;;;Blonde;01/05/1952;23;37C;2;C;37;22;35;67;1,70;120;54;18,79;Y;Inglewood, California, United States
1970;1975;1975-feb;Laura Misch;;;;Brunette;23/11/1953;22;37D;3;D;37;24;36;65;1,65;110;50;18,30;Y;Tulsa, Oklahoma, United States
1970;1975;1975-mar;Ingeborg Sorensen;;;;Blonde;16/05/1948;27;36C;2;C;36;24;35;66;1,68;116;53;18,72;N;Drammen, Norway
1970;1975;1975-apr;Victoria Cunningham;;;;Brunette;28/05/1952;23;36C;2;C;36;23;35;66;1,68;115;52;18,56;Y;Memphis, Tennessee, United States
1970;1975;1975-mag;Bridgett Rollins;;;;Brunette;07/09/1956;19;35B;1;B;35;23;34;66;1,68;105;48;16,95;Y;Smyrna, Tennessee, United States
1970;1975;1975-giu;Azizi Johari;;;Brown;Brunette;24/08/1948;27;36D;3;D;36;23;37;66;1,68;119;54;19,21;Y;New York City, New York, United States
1970;1975;1975-lug;Lynn Schiller;;;;Blonde;05/03/1951;24;36C;2;C;36;23;35;63;1,60;108;49;19,13;Y;Detroit, Michigan, United States
1970;1975;1975-ago;Lillian Müller;;;;Blonde;19/08/1952;23;36C;2;C;36;24;35;68;1,73;125;57;19,01;N;Grimstad, Norway
1970;1975;1975-set;Mesina Miller;;;;Brunette;07/07/1953;22;35D;3;D;35;24;34;64;1,63;110;50;18,88;Y;Scottsdale, Arizona, United States
1970;1975;1975-ott;Jill De Vries;;;;Blonde;20/07/1953;22;34C;2;C;34;23;34;67;1,70;102;46;15,98;Y;Kankakee, Illinois, United States
1970;1975;1975-nov;Janet Lupo;;Caucasian;;Brunette;26/01/1950;25;39F;6;F;39;24;36;66;1,68;125;57;20,18;Y;Hoboken, New Jersey, United States
1970;1975;1975-dic;Nancie Li Brandi;;;;Brunette;30/08/1954;21;36D;3;D;36;24;35;66;1,68;110;50;17,75;Y;Johnstown, Pennsylvania, United States
1970;1976;1976-gen;Daina House;;;;Blonde;30/12/1954;22;36D;3;D;36;25;36;67;1,70;127;58;19,89;Y;Dallas, Texas, United States
1970;1976;1976-feb;Laura Lyons;;;;Brunette;22/10/1954;22;35C;2;C;35;25;37;65;1,65;120;54;19,97;Y;Los Angeles, California, United States
1970;1976;1976-mar;Ann Pennington;;;Green;Blonde;03/06/1950;26;34C;2;C;34;25;35;65;1,65;110;50;18,30;Y;Seattle, Washington, United States
1970;1976;1976-apr;Denise Michele;;;;Brunette;12/06/1953;23;36D;3;D;36;25;36;66;1,68;120;54;19,37;Y;San Francisco, California, United States
1970;1976;1976-mag;Patricia Margot McClain;;;;Blonde;03/05/1954;22;34C;2;C;34;24;37;68;1,73;125;57;19,01;Y;Long Beach, California, United States
1970;1976;1976-giu;Debra Peterson;;;;Brunette;13/04/1955;21;36D;3;D;36;24;34;66;1,68;118;54;19,05;Y;Santa Monica, California, United States
1970;1976;1976-lug;Deborah Borkman;;;Brown;Blonde;08/01/1957;19;34C;2;C;34;22;35;64;1,63;102;46;17,51;Y;Virginia, United States
1970;1976;1976-ago;Linda Beatty;;;;Brunette;16/09/1952;24;35C;2;C;35;24;35;66;1,68;100;45;16,14;Y;Louisville, Kentucky, United States
1970;1976;1976-set;Whitney Kaine;;;;Blonde;20/09/1956;20;35A;0,5;A;35;23;34;63;1,60;105;48;18,60;Y;Ogden, Utah, United States
1970;1976;1976-ott;Hope Olson;;;;Blonde;04/04/1956;20;37D;3;D;37;25;36;68;1,73;120;54;18,25;Y;Prairie de Chien, Wisconsin, United States
1970;1976;1976-nov;Patti McGuire;;;;Brunette;05/09/1951;25;35C;2;C;35;23;35;65;1,65;115;52;19,14;Y;Dexter, Missouri, United States
1970;1976;1976-dic;Karen Hafter;;;;Brunette;27/12/1954;22;35C;2;C;35;23;35;68;1,73;118;54;17,94;Y;New York City, New York, United States
1970;1977;1977-gen;Susan Kiger;;;;Blonde;16/11/1953;24;37D;3;D;37;24;37;68;1,73;135;61;20,53;Y;Pasadena, California, United States
1970;1977;1977-feb;Star Stowe;;;;Blonde;19/03/1956;21;0C;2;C;0;;;66;1,68;;;;Y;Little Rock, Arkansas, United States
1970;1977;1977-mar;Nicki Thomas;;;;Brunette;22/03/1954;23;34C;2;C;34;23;35;65;1,65;112;51;18,64;Y;Berwyn, Illinois, United States
1970;1977;1977-apr;Lisa Sohm;;;;Brunette;21/03/1955;22;35C;2;C;35;24;35;68;1,73;120;54;18,25;Y;Vancouver, Washington, United States
1970;1977;1977-mag;Sheila Mullen;;;;Blonde;07/11/1957;20;38D;3;D;38;25;36;69;1,75;130;59;19,20;Y;Hollywood, California, United States
1970;1977;1977-giu;Virve Reid;;;;Brunette;24/11/1956;21;36D;3;D;36;22;32;62;1,57;105;48;19,20;N;Vancouver, Canada
1970;1977;1977-lug;Sondra Theodore;;;;Blonde;12/12/1956;21;34C;2;C;34;24;35;66;1,68;110;50;17,75;Y;San Bernardino, California, United States
1970;1977;1977-ago;Julia Lyndon;;;;Brunette;03/07/1955;22;36E;5;E;36;23;32;66;1,68;112;51;18,08;Y;Buffalo, New York, United States
1970;1977;1977-set;Debra Jo Fondren;;;;Blonde;05/02/1955;22;35C;2;C;35;24;36;64;1,63;114;52;19,57;Y;Los Angeles, California, United States
1970;1977;1977-ott;Kristine Winder;;;;Blonde;15/10/1955;22;34D;3;D;34;25;34;66;1,68;119;54;19,21;N;Vancouver, Canada
1970;1977;1977-nov;Rita Lee;;;;Blonde;15/06/1953;24;36B;1;B;36;23;36;70;1,78;125;57;17,94;Y;Frederic, Wisconsin, United States
1970;1977;1977-dic;Ashley Cox;;Caucasian;Blue;Blonde;15/11/1956;21;36C;2;C;36;24;35;68;1,73;120;54;18,25;Y;Dallas, Texas, United States
1970;1978;1978-gen;Debra Jensen;;;;Blonde;12/03/1958;20;36C;2;C;36;24;35;68;1,73;120;54;18,25;Y;Orange County, California, United States
1970;1978;1978-feb;Janis Schmitt;;;;Blonde;14/03/1947;31;34D;3;D;34;24;35;64;1,63;110;50;18,88;Y;St. Louis, Missouri, United States
1970;1978;1978-mar;Christina Smith;;;;Brunette;04/10/1957;21;34C;2;C;34;24;35;66;1,68;110;50;17,75;Y;Miami, Florida, United States
1970;1978;1978-apr;Pamela Jean Bryant;;;;Blonde;08/02/1959;19;35C;2;C;35;24;35;65;1,65;115;52;19,14;Y;Indianapolis, Indiana, United States
1970;1978;1978-mag;Kathryn Morrison;;;;Blonde;02/10/1955;23;34C;2;C;34;23;34;67;1,70;110;50;17,23;Y;Long Beach, California, United States
1970;1978;1978-giu;Gail Stanton;;;;Brunette;19/11/1954;24;34C;2;C;34;22;34;61;1,55;103;47;19,46;Y;Memphis, Tennessee, United States
1970;1978;1978-lug;Karen Morton;;;;Blonde;03/10/1958;20;32B;1;B;32;22;32;66;1,68;95;43;15,33;Y;Palmdale, California, United States
1970;1978;1978-ago;Vicki Witt;;;Brown;Brunette;13/04/1959;19;36D;3;D;36;24;36;67;1,70;117;53;18,32;Y;Lansing, Michigan, United States
1970;1978;1978-set;Rosanne Katon;;;;Brunette;05/02/1954;24;36C;2;C;36;23;34;62;1,57;101;46;18,47;Y;New York City, New York, United States
1970;1978;1978-ott;Marcy Hanson;;;Blue;Blonde;22/12/1952;26;35C;2;C;35;23;35;68;1,73;117;53;17,79;Y;United States
1970;1978;1978-nov;Monique St. Pierre;;;Brown;Blonde;25/11/1953;25;36C;2;C;36;26;36;67;1,70;117;53;18,32;N;Wiesbaden, Germany
1970;1978;1978-dic;Janet Quist;;;;Blonde;17/08/1955;23;36E;5;E;36;24;36;68;1,73;118;54;17,94;Y;Austin, Texas, United States
1970;1979;1979-gen;Candy Loving;;;;Brunette;04/09/1956;23;37DD;4;DD;37;24;34;67;1,70;110;50;17,23;Y;Ponca City, Oklahoma, United States
1970;1979;1979-feb;Lee Ann Michelle;;;;Brunette;17/03/1960;19;35C;2;C;35;23;35;64;1,63;107;49;18,37;N;Surrey, United Kingdom
1970;1979;1979-mar;Denise McConnell;;;;Brunette;23/12/1958;21;37C;2;C;37;24;33;63;1,60;104;47;18,42;N;Wiesbaden, Germany
1970;1979;1979-apr;Missy Cleveland;;;;Blonde;25/12/1959;20;34D;3;D;34;22;32;64;1,63;95;43;16,31;Y;Jackson, Mississippi, United States
1970;1979;1979-mag;Michele Drake;;;;Brunette;07/02/1958;21;34B;1;B;34;24;34;65;1,65;108;49;17,97;Y;La Jolla, California, United States
1970;1979;1979-giu;Louann Fernald;;;;Brunette;23/10/1957;22;35C;2;C;35;23;34;65;1,65;110;50;18,30;Y;San Antonio, Texas, United States
1970;1979;1979-lug;Dorothy Mays;;;;Blonde;24/07/1957;22;36C;2;C;36;25;34;67;1,70;118;54;18,48;N;Nuremberg, Germany
1970;1979;1979-ago;Dorothy Stratten;;;;Blonde;28/02/1960;19;36D;3;D;36;24;36;69;1,75;123;56;18,16;N;Vancouver, Canada
1970;1979;1979-set;Vicki McCarty;;;;Brunette;13/01/1954;25;34B;1;B;34;22;34;67;1,70;105;48;16,45;Y;Los Angeles, California, United States
1970;1979;1979-ott;Ursula Buchfellner;;;;Blonde;08/06/1961;18;33C;2;C;33;23;33;66;1,68;103;47;16,62;N;Munich, Germany
1970;1979;1979-nov;Sylvie Garant;;;Brown;Brunette;23/09/1957;22;34B;1;B;34;23;34;67;1,70;110;50;17,23;N;Montmagny, Canada
1970;1979;1979-dic;Candace Collins;;;;Brunette;26/05/1957;22;35C;2;C;35;23;34;67;1,70;110;50;17,23;Y;Dupo, Illinois, United States
1980;1980;1980-gen;Gig Gangel;;;;Blonde;17/10/1958;22;38E;5;E;38;24;36;68;1,73;115;52;17,49;Y;Harlingen, Texas, United States
1980;1980;1980-feb;Sandy Cagle;;;;Brunette;02/02/1957;23;35B;1;B;35;25;36;66;1,68;118;54;19,05;Y;Milwaukee, Wisconsin, United States
1980;1980;1980-mar;Henriette Allais;;;;Brunette;22/07/1954;26;35C;2;C;35;25;36;69;1,75;125;57;18,46;Y;Jacksonville, Florida, United States
1980;1980;1980-apr;Liz Glazowski;;;Blue;Brunette;19/12/1957;23;35C;2;C;35;24;34;65;1,65;110;50;18,30;N;Zakopane, Poland
1980;1980;1980-mag;Martha Thomsen;;;;Blonde;25/01/1957;23;37C;2;C;37;24;35;69;1,75;130;59;19,20;Y;Moses Lake, Washington, United States
1980;1980;1980-giu;Ola Ray;;;;Brunette;26/08/1960;20;34B;1;B;34;26;35;62;1,57;105;48;19,20;Y;St. Louis, Missouri, United States
1980;1980;1980-lug;Teri Peterson;;;Blue;Blonde;06/11/1959;21;35C;2;C;35;22;34;67;1,70;104;47;16,29;Y;Santa Monica, California, United States
1980;1980;1980-ago;Victoria Cooke;;;;Blonde;31/07/1957;23;36C;2;C;36;25;35;68;1,73;119;54;18,09;Y;Hollywood, California, United States
1980;1980;1980-set;Lisa Welch;;;;Brunette;11/11/1960;20;34C;2;C;34;22;34;67;1,70;115;52;18,01;Y;Aberdeen, Maryland, United States
1980;1980;1980-ott;Mardi Jacquet;;;;Blonde;02/11/1960;20;34C;2;C;34;24;35;66;1,68;105;48;16,95;N;Châteauroux, France
1980;1980;1980-nov;Jeana Tomasino;;;;Brunette;18/09/1955;25;34C;2;C;34;23;33;67;1,70;105;48;16,45;Y;Milwaukee, Wisconsin, United States
1980;1980;1980-dic;Terri Welles;;;;Blonde;21/11/1956;24;36C;2;C;36;24;36;69;1,75;120;54;17,72;Y;Santa Monica, California, United States
1980;1981;1981-gen;Karen Price;;;;Brunette;17/07/1960;21;38F;6;F;38;26;37;65;1,65;123;56;20,47;Y;Pasadena, California, United States
1980;1981;1981-feb;Vicki Lynn Lasseter;;;;Brunette;19/02/1960;21;36C;2;C;36;23;34;68;1,73;120;54;18,25;Y;Iola, Kansas, United States
1980;1981;1981-mar;Kymberly Herrin;;;;Blonde;02/10/1957;24;36C;2;C;36;24;36;68;1,73;124;56;18,85;Y;Santa Barbara County, California, United States
1980;1981;1981-apr;Lorraine Michaels;;;;Brunette;23/01/1958;23;35D;3;D;35;22;34;63;1,60;103;47;18,25;N;Canterbury, United Kingdom
1980;1981;1981-mag;Gina Goldberg;;;;Blonde;30/06/1959;22;36B;1;B;36;24;36;65;1,65;105;48;17,47;N;Turku, Finland
1980;1981;1981-giu;Cathy Larmouth;;;;Brunette;15/07/1953;28;38DD;4;DD;38;26;37;68;1,73;127;58;19,31;Y;Torrance, California, United States
1980;1981;1981-lug;Heidi Sorenson;;;;Blonde;05/08/1960;21;36C;2;C;36;24;34;68;1,73;120;54;18,25;N;Vancouver, Canada
1980;1981;1981-ago;Debbie Boostrom;;;;Brunette;23/06/1955;26;37D;3;D;37;23;34;64;1,63;107;49;18,37;Y;Peoria, Illinois, United States
1980;1981;1981-set;Susan Smith;;;;Blonde;14/01/1959;22;36C;2;C;36;24;36;68;1,73;120;54;18,25;Y;Beloit, Wisconsin, United States
1980;1981;1981-ott;Kelly Tough;;;;Brunette;16/12/1961;20;36C;2;C;36;24;36;67;1,70;119;54;18,64;N;Vancouver, Canada
1980;1981;1981-nov;Shannon Tweed;;;;Blonde;10/03/1957;24;36B;1;B;36;25;36;70;1,78;128;58;18,37;N;St. John's, Canada
1980;1981;1981-dic;Patricia Farinelli;;;;Brunette;18/03/1960;21;36F;6;F;36;25;36;63;1,60;115;52;20,37;Y;Los Angeles, California, United States
1980;1982;1982-gen;Kimberly McArthur;;;;Blonde;16/09/1962;20;37DD;4;DD;37;22;34;63;1,60;101;46;17,89;Y;Fort Worth, Texas, United States
1980;1982;1982-feb;Anne-Marie Fox;;;Brown;Brunette;28/09/1962;20;32B;1;B;32;23;34;68;1,73;112;51;17,03;Y;Los Angeles, California, United States
1980;1982;1982-mar;Karen Witter;;;Blue;Blonde;13/12/1961;21;35C;2;C;35;23;33;66;1,68;106;48;17,11;Y;Long Beach, California, United States
1980;1982;1982-apr;Linda Rhys Vaughn;;;;Brunette;11/08/1959;23;34B;1;B;34;23;34;60;1,52;98;44;19,14;Y;Grossmont, California, United States
1980;1982;1982-mag;Kym Malin;;;;Blonde;31/07/1962;20;36DD;4;DD;36;20;34;65;1,65;105;48;17,47;Y;Dallas, Texas, United States
1980;1982;1982-giu;Lourdes Estores;;;;Brunette;11/01/1958;24;34C;2;C;34;22;33;63;1,60;102;46;18,07;Y;Honolulu, Hawaii, United States
1980;1982;1982-lug;Lynda Wiesmeier;;;;Blonde;30/05/1963;19;36DD;4;DD;36;22;36;66;1,68;112;51;18,08;Y;Washington D.C., District of Columbia, United States
1980;1982;1982-ago;Cathy St. George;;;;Blonde;23/08/1954;28;34C;2;C;34;22;34;64;1,63;102;46;17,51;Y;Norfolk, Virginia, United States
1980;1982;1982-set;Connie Brighton;;;;Blonde;14/05/1959;23;34C;2;C;34;22;35;67;1,70;115;52;18,01;Y;Wichita Falls, Texas, United States
1980;1982;1982-ott;Marianne Gravatte;;;;Blonde;13/12/1959;23;34D;3;D;34;21;32;68;1,73;105;48;15,97;Y;Hollywood, California, United States
1980;1982;1982-nov;Marlene Janssen;;;;Blonde;02/09/1958;24;34C;2;C;34;24;34;69;1,75;125;57;18,46;Y;Rock Island, Illinois, United States
1980;1982;1982-dic;Charlotte Kemp;;;;Brunette;27/01/1961;21;34DD;4;DD;34;23;34;69;1,75;116;53;17,13;Y;Omaha, Nebraska, United States
1980;1983;1983-gen;Lonny Chin;;;;Brunette;12/08/1960;23;36D;3;D;36;22;35;67;1,70;118;54;18,48;N;Liverpool, United Kingdom
1980;1983;1983-feb;Melinda Mays;;;;Blonde;23/02/1962;21;35B;1;B;35;23;34;64;1,63;101;46;17,34;Y;Augusta, Georgia, United States
1980;1983;1983-mar;Alana Soares;;;Brown;Brunette;21/02/1964;19;34DD;4;DD;34;22;32;62;1,57;103;47;18,84;Y;Redondo Beach, California, United States
1980;1983;1983-apr;Christina Ferguson;;;;Brunette;18/03/1964;19;34B;1;B;34;22;33;64;1,63;105;48;18,02;Y;Phoenix, Arizona, United States
1980;1983;1983-mag;Susie Scott Krabacher;;;;Blonde;02/11/1963;20;34B;1;B;34;23;34;65;1,65;108;49;17,97;Y;San Diego, California, United States
1980;1983;1983-giu;Jolanda Egger;;;;Brunette;01/08/1960;23;38C;2;C;38;25;38;69;1,75;126;57;18,61;N;Luzern, Switzerland
1980;1983;1983-lug;Ruth Guerri;;;;Blonde;12/02/1958;25;35C;2;C;35;22;34;65;1,65;108;49;17,97;Y;St. Louis, Missouri, United States
1980;1983;1983-ago;Carina Persson;;;;Brunette;14/06/1958;25;34C;2;C;34;24;34;63;1,60;100;45;17,71;N;Stockholm, Sweden
1980;1983;1983-set;Barbara Edwards;;;;Brunette;26/06/1960;23;35D;3;D;35;23;34;65;1,65;105;48;17,47;Y;Albuquerque, New Mexico, United States
1980;1983;1983-ott;Tracy Vaccaro;;;;Blonde;04/05/1962;21;35C;2;C;35;24;35;68;1,73;118;54;17,94;Y;Glendale, California, United States
1980;1983;1983-nov;Veronica Gamba;;;;Brunette;28/10/1963;20;34C;2;C;34;22;34;68;1,73;112;51;17,03;N;Buenos Aires, Argentina
1980;1983;1983-dic;Terry Nihen;;;;Brunette;17/09/1960;23;35D;3;D;35;23;33;66;1,68;100;45;16,14;Y;Concord, Massachusetts, United States
1980;1984;1984-gen;Penny Baker;;;;Blonde;05/10/1965;19;35D;3;D;35;22;34;68;1,73;115;52;17,49;Y;Buffalo, New York, United States
1980;1984;1984-feb;Justine Greiner;;;;Brunette;19/11/1963;21;36D;3;D;36;25;35;69;1,75;120;54;17,72;Y;Boston, Massachusetts, United States
1980;1984;1984-mar;Dona Speir;;;;Blonde;07/02/1964;20;37DD;4;DD;37;24;35;67;1,70;118;54;18,48;Y;Norwalk, California, United States
1980;1984;1984-apr;Lesa Ann Pedriana;;;;Blonde;24/11/1962;22;34B;1;B;34;22;32;65;1,65;108;49;17,97;Y;Milwaukee, Wisconsin, United States
1980;1984;1984-mag;Patty Duffek;;;;Brunette;27/08/1963;21;36DD;4;DD;36;23;32;65;1,65;107;49;17,81;Y;Woodland Hills, California, United States
1980;1984;1984-giu;Tricia Lange;;;;Blonde;24/04/1957;27;36C;2;C;36;22;34;67;1,70;110;50;17,23;Y;Hollywood, California, United States
1980;1984;1984-lug;Liz Stewart;;;;Brunette;03/07/1961;23;35C;2;C;35;23;34;67;1,70;116;53;18,17;Y;San Francisco, California, United States
1980;1984;1984-ago;Suzi Schott;;;;Brunette;19/07/1961;23;36B;1;B;36;24;36;69;1,75;115;52;16,98;Y;Springfield, Illinois, United States
1980;1984;1984-set;Kimberly Evenson;;;Hazel;Blonde;03/11/1962;22;36D;3;D;36;25;35;63;1,60;105;48;18,60;N;Bremerhaven, Germany
1980;1984;1984-ott;Debi Johnson;;;;Brunette;13/03/1958;26;35D;3;D;35;21;34;65;1,65;102;46;16,97;Y;Torrance, California, United States
1980;1984;1984-nov;Roberta Vasquez;;;Brown;Brunette;13/02/1963;21;40F;6;F;40;25;36;68;1,73;125;57;19,01;Y;Los Angeles, California, United States
1980;1984;1984-dic;Karen Velez;;;;Brunette;27/01/1961;23;37DD;4;DD;37;23;35;67;1,70;118;54;18,48;Y;Rockville Centre, New York, United States
1980;1985;1985-gen;Joan Bennett;;;;Blonde;30/08/1964;21;36C;2;C;36;24;35;68;1,73;118;54;17,94;Y;Chicago, Illinois, United States
1980;1985;1985-feb;Cherie Witter;;;;Brunette;22/10/1963;22;34C;2;C;34;23;34;69;1,75;117;53;17,28;Y;Everett, Washington, United States
1980;1985;1985-mar;Donna Smith;;;;Blonde;15/03/1960;25;37C;2;C;37;24;35;67;1,70;105;48;16,45;Y;Portland, Oregon, United States
1980;1985;1985-apr;Cindy Brooks;;;;Blonde;05/11/1951;34;34D;3;D;34;23;34;67;1,70;114;52;17,85;Y;Gettysburg, Pennsylvania, United States
1980;1985;1985-mag;Kathy Shower;;;;Blonde;08/03/1953;32;35C;2;C;35;24;35;69;1,75;122;55;18,02;Y;Brookville, Ohio, United States
1980;1985;1985-giu;Devin DeVasquez;;;;Brunette;25/06/1963;22;34C;2;C;34;22;34;67;1,70;110;50;17,23;Y;Baton Rouge, Louisiana, United States
1980;1985;1985-lug;Hope Marie Carlton;;;;Blonde;03/03/1966;19;36C;2;C;36;22;32;67;1,70;112;51;17,54;Y;Riverhead, New York, United States
1980;1985;1985-ago;Cher Butler;;;;Blonde;06/03/1964;21;38DD;4;DD;38;24;35;67;1,70;123;56;19,26;Y;Garland, Texas, United States
1980;1985;1985-set;Venice Kong;;;;Brunette;17/12/1961;24;34C;2;C;34;24;34;65;1,65;105;48;17,47;N;St. Marie, Jamaica
1980;1985;1985-ott;Cynthia Brimhall;;;;Brunette;10/03/1964;21;36D;3;D;36;25;36;69;1,75;125;57;18,46;Y;Ogden, Utah, United States
1980;1985;1985-nov;Pamela Annette Saunders;;;;Blonde;09/07/1963;22;36C;2;C;36;24;35;65;1,65;110;50;18,30;Y;Miami, Florida, United States
1980;1985;1985-dic;Carol Ficatier;;;;Brunette;20/02/1958;27;35C;2;C;35;24;35;67;1,70;118;54;18,48;N;Auxerre, France
1980;1986;1986-gen;Sherry Arnett;;;;Brunette;02/10/1964;22;36C;2;C;36;22;34;65;1,65;104;47;17,31;Y;St. Louis, Missouri, United States
1980;1986;1986-feb;Julie McCullough;;;;Blonde;30/01/1965;21;36D;3;D;36;24;35;67;1,70;115;52;18,01;Y;Honolulu, Hawaii, United States
1980;1986;1986-mar;Kim Morris;;;;Blonde;07/10/1958;28;35C;2;C;35;23;35;66;1,68;118;54;19,05;Y;San Diego, California, United States
1980;1986;1986-apr;Teri Weigel;;;;Brunette;24/02/1962;24;34B;1;B;34;21;34;67;1,70;108;49;16,92;Y;Fort Lauderdale, Florida, United States
1980;1986;1986-mag;Christine Richters;;;;Blonde;03/08/1966;20;34D;3;D;34;24;34;66;1,68;107;49;17,27;Y;Fullerton, California, United States
1980;1986;1986-giu;Rebecca Ferratti;;;;Brunette;27/11/1964;22;34C;2;C;34;24;34;65;1,65;105;48;17,47;Y;Helena, Montana, United States
1980;1986;1986-lug;Lynne Austin;;;;Blonde;15/04/1961;25;35C;2;C;35;24;35;66;1,68;110;50;17,75;Y;Plant City, Florida, United States
1980;1986;1986-ago;Ava Fabian;;;Brown;Brunette;04/04/1962;24;36D;3;D;36;24;34;67;1,70;114;52;17,85;Y;Brewster, New York, United States
1980;1986;1986-set;Rebekka Armstrong;;;;Blonde;20/02/1967;19;34C;2;C;34;23;32;67;1,70;110;50;17,23;Y;Bakersfield, California, United States
1980;1986;1986-ott;Katherine Hushaw;;;;Blonde;23/10/1963;23;35B;1;B;35;23;34;66;1,68;107;49;17,27;Y;Anaheim, California, United States
1980;1986;1986-nov;Donna Edmondson;;;;Blonde;01/02/1966;20;36D;3;D;36;23;35;70;1,78;127;58;18,22;Y;Greensborough, North Carolina, United States
1980;1986;1986-dic;Laurie Carr;;;;Blonde;11/12/1965;21;34C;2;C;34;21;33;67;1,70;103;47;16,13;Y;Dallas, Texas, United States
1980;1987;1987-gen;Luann Lee;;;;Blonde;28/01/1961;26;35C;2;C;35;23;34;65;1,65;105;48;17,47;Y;Santa Monica, California, United States
1980;1987;1987-feb;Julie Peterson;;;;Blonde;29/09/1964;23;38D;3;D;38;24;36;68;1,73;130;59;19,77;Y;Havre de Grace, Maryland, United States
1980;1987;1987-mar;Marina Baker;;;;Brunette;08/12/1967;20;34F;6;F;34;23;35;67;1,70;;;;N;Windsor, United Kingdom
1980;1987;1987-apr;Anna Clark;;;Brown;Brunette;19/10/1966;21;32D;3;D;32;23;34;61;1,55;98;44;18,52;Y;San Francisco, California, United States
1980;1987;1987-mag;Kymberly Paige;;;;Blonde;06/04/1966;21;34C;2;C;34;24;35;68;1,73;120;54;18,25;Y;Newport Beach, California, United States
1980;1987;1987-giu;Sandy Greenberg;;;;Blonde;22/07/1958;29;35D;3;D;35;21;33;67;1,70;107;49;16,76;Y;Spokane, Washington, United States
1980;1987;1987-lug;Carmen Berg;;;;Blonde;17/08/1963;24;35C;2;C;35;23;35;67;1,70;115;52;18,01;Y;Bismarck, North Dakota, United States
1980;1987;1987-ago;Sharry Konopski;;;;Brunette;02/12/1967;20;32DD;4;DD;32;22;34;62;1,57;100;45;18,29;Y;Longview, Washington, United States
1980;1987;1987-set;Gwen Hajek;;;;Blonde;18/11/1966;21;36D;3;D;36;24;36;67;1,70;118;54;18,48;Y;Shreveport, Louisiana, United States
1980;1987;1987-ott;Brandi Brandt;;;;Brunette;02/11/1968;19;36C;2;C;36;24;35;65;1,65;105;48;17,47;Y;Santa Clara, California, United States
1980;1987;1987-nov;Pam Stein;;;;Blonde;13/08/1963;24;34C;2;C;34;23;34;65;1,65;105;48;17,47;Y;Syracuse, New York, United States
1980;1987;1987-dic;India Allen;;;;Blonde;01/06/1965;22;35D;3;D;35;24;34;71;1,80;127;58;17,71;Y;Portsmouth, Indiana, United States
1980;1988;1988-gen;Kimberley Conrad;;;;Blonde;06/08/1963;25;36D;3;D;36;24;36;69;1,75;122;55;18,02;Y;Moulton, Alabama, United States
1980;1988;1988-feb;Kari Kennell;;;;Brunette;21/06/1964;24;34C;2;C;34;22;33;65;1,65;101;46;16,81;Y;Colorado Springs, Colorado, United States
1980;1988;1988-mar;Susie Owens;;;;Blonde;28/05/1956;32;35C;2;C;35;25;35;68;1,73;117;53;17,79;Y;Arkansas City, Kansas, United States
1980;1988;1988-apr;Eloise Broady;;;;Blonde;13/05/1957;31;36C;2;C;36;25;35;68;1,73;125;57;19,01;Y;Houston, Texas, United States
1980;1988;1988-mag;Diana Lee;;;;Brunette;11/05/1961;27;36C;2;C;36;24;35;67;1,70;118;54;18,48;Y;Seattle, Washington, United States
1980;1988;1988-giu;Emily Arth;;;;Brunette;18/10/1960;28;35C;2;C;35;24;35;67;1,70;110;50;17,23;Y;Evanston, Illinois, United States
1980;1988;1988-lug;Terri Lynn Doss;;;;Blonde;04/09/1965;23;36C;2;C;36;22;32;67;1,70;109;49;17,07;Y;Chicago, Illinois, United States
1980;1988;1988-ago;Helle Michaelsen;;;;Blonde;02/11/1968;20;35D;3;D;35;24;34;66;1,68;;;;N;Aalborg, Denmark
1980;1988;1988-set;Laura Richmond;;;;Redhead;23/08/1966;22;36C;2;C;36;25;34;63;1,60;105;48;18,60;Y;Fort Dix, New Jersey, United States
1980;1988;1988-ott;Shannon Long;;;Blue;Brunette;11/02/1969;19;36D;3;D;36;21;32;63;1,60;94;43;16,65;N;Gladstone, Australia
1980;1988;1988-nov;Pia Reyes;;;;Brunette;03/07/1964;24;36B;1;B;36;24;35;69;1,75;123;56;18,16;N;Manila, Philippines
1980;1988;1988-dic;Kata Karkkainen;;;;Brunette;27/10/1968;20;35C;2;C;35;24;35;66;1,68;115;52;18,56;N;Helsinki, Finland
1980;1989;1989-gen;Fawna MacLaren;;;;Brunette;18/12/1965;24;35D;3;D;35;24;35;70;1,78;122;55;17,50;Y;Santa Monica, California, United States
1980;1989;1989-feb;Simone Eden;;;;Blonde;14/06/1970;19;37B;1;B;37;24;35;66;1,68;117;53;18,88;Y;Arcadia, California, United States
1980;1989;1989-mar;Laurie Wood;;;Brown;Brunette;23/06/1967;22;37D;3;D;37;25;36;70;1,78;125;57;17,94;Y;Orange, California, United States
1980;1989;1989-apr;Jennifer Lyn Jackson;;;;Brunette;21/03/1969;20;38C;2;C;38;24;34;67;1,70;117;53;18,32;Y;Cleveland, Ohio, United States
1980;1989;1989-mag;Monique Noel;;;;Blonde;28/04/1967;22;36D;3;D;36;23;35;67;1,70;114;52;17,85;Y;Salem, Oregon, United States
1980;1989;1989-giu;Tawnni Cable;;;;Brunette;01/05/1967;22;36D;3;D;36;24;34;69;1,75;120;54;17,72;Y;Salem, Oregon, United States
1980;1989;1989-lug;Erika Eleniak;;;;Blonde;29/09/1969;20;34C;2;C;34;24;32;65;1,65;108;49;17,97;Y;Glendale, California, United States
1980;1989;1989-ago;Gianna Amore;;;;Blonde;05/04/1968;21;38C;2;C;38;24;34;67;1,70;110;50;17,23;Y;Warwick, Rhode Island, United States
1980;1989;1989-set;Karin van Breeschooten;;;;Blonde;15/11/1970;19;36C;2;C;36;24;34;65;1,65;104;47;17,31;N;Rotterdam, The Netherlands
1980;1989;1989-set;Mirjam van Breeschooten;;;;Blonde;15/11/1970;19;36C;2;C;36;24;34;65;1,65;104;47;17,31;N;Rotterdam, The Netherlands
1980;1989;1989-ott;Karen Foster;;;;Blonde;21/04/1965;24;36D;3;D;36;21;32;64;1,63;105;48;18,02;Y;Lufkin, Texas, United States
1980;1989;1989-nov;Renee Tenison;;;;Brunette;02/12/1968;21;36D;3;D;36;23;32;66;1,68;112;51;18,08;Y;Caldwell, Idaho, United States
1980;1989;1989-dic;Petra Verkaik;;;Hazel;Brunette;04/11/1966;23;37DD;4;DD;37;24;35;68;1,73;120;54;18,25;Y;Los Angeles, California, United States
1990;1990;1990-gen;Peggy McIntaggart;;;;Blonde;06/09/1961;29;36DD;4;DD;36;23;35;67;1,70;115;52;18,01;N;Midland, Canada
1990;1990;1990-feb;Pamela Anderson;;;Blue;Blonde;01/07/1967;23;36D;3;D;36;24;36;67;1,70;105;48;16,45;N;Ladysmith, Canada
1990;1990;1990-mar;Deborah Driggs;;;Brown;Brunette;13/12/1963;27;34C;2;C;34;23;34;66;1,68;110;50;17,75;Y;Oakland, California, United States
1990;1990;1990-apr;Lisa Matthews;;;;Blonde;24/09/1969;21;37C;2;C;37;24;36;69;1,75;120;54;17,72;Y;Peoria, Illinois, United States
1990;1990;1990-mag;Tina Bockrath;;;;Blonde;30/06/1967;23;34C;2;C;34;24;36;68;1,73;125;57;19,01;Y;Dayton, Ohio, United States
1990;1990;1990-giu;Bonnie Marino;;;;Brunette;20/12/1961;29;35C;2;C;35;24;35;69;1,75;128;58;18,90;Y;Cleveland, Ohio, United States
1990;1990;1990-lug;Jacqueline Sheen;;;;Blonde;03/03/1963;27;36D;3;D;36;24;34;64;1,63;113;51;19,40;Y;Dallas, Texas, United States
1990;1990;1990-ago;Melissa Evridge;;;;Blonde;02/11/1968;22;34B;1;B;34;24;35;66;1,68;113;51;18,24;Y;Lexington, Kentucky, United States
1990;1990;1990-set;Kerri Kendall;;;;Blonde;25/09/1970;20;36D;3;D;36;22;33;66;1,68;110;50;17,75;Y;San Diego, California, United States
1990;1990;1990-ott;Alison Armitage;Brittany York;;;Brunette;26/02/1965;25;36C;2;C;36;24;34;66;1,68;120;54;19,37;N;London, United Kingdom
1990;1990;1990-nov;Lorraine Olivia;;;;Brunette;20/02/1968;22;34DD;4;DD;34;24;32;66;1,68;112;51;18,08;Y;Geneva, Illinois, United States
1990;1990;1990-dic;Morgan Fox;;;;Blonde;28/05/1970;20;38D;3;D;38;24;34;71;1,80;126;57;17,57;N;Prince George, Canada
1990;1991;1991-gen;Stacy Arthur;;;;Blonde;04/06/1968;23;36D;3;D;36;23;35;67;1,70;115;52;18,01;Y;Naperville, Illinois, United States
1990;1991;1991-feb;Cristy Thom;;;;Brunette;08/09/1971;20;36C;2;C;36;23;36;66;1,68;110;50;17,75;Y;Los Angeles, California, United States
1990;1991;1991-mar;Julie Clarke;;;;Blonde;11/08/1971;20;34C;2;C;34;22;32;65;1,65;110;50;18,30;Y;Tucson, Arizona, United States
1990;1991;1991-apr;Christina Leardini;;;;Brunette;22/01/1969;22;34C;2;C;34;23;34;68;1,73;109;49;16,57;Y;St. Petersburg, Florida, United States
1990;1991;1991-mag;Carrie Jean Yazel;;;;Blonde;30/11/1969;22;36D;3;D;36;24;34;68;1,73;120;54;18,25;Y;Huntington Beach, California, United States
1990;1991;1991-giu;Saskia Linssen;;;;Redhead;16/02/1970;21;38D;3;D;38;27;38;69;1,75;130;59;19,20;N;Venlo, The Netherlands
1990;1991;1991-lug;Wendy Kaye;;;;Blonde;05/05/1972;19;34DD;4;DD;34;23;35;66;1,68;112;51;18,08;Y;Memphis, Texas, United States
1990;1991;1991-ago;Corinna Harney;;;Blue;Brunette;20/02/1972;19;34C;2;C;34;22;34;63;1,60;105;48;18,60;N;Bremerhaven, Germany
1990;1991;1991-set;Samantha Dorman;;;;Brunette;21/03/1968;23;36D;3;D;36;25;36;70;1,78;135;61;19,37;Y;Lakeland, Florida, United States
1990;1991;1991-ott;Cheryl Bachman;;;Blue;Brunette;18/11/1969;22;34DD;4;DD;34;22;35;66;1,68;110;50;17,75;Y;Jacksonville, Florida, United States
1990;1991;1991-nov;Tonja Christensen;;;;Blonde;03/09/1971;20;34B;1;B;34;23;34;67;1,70;108;49;16,92;Y;Salt Lake City, Utah, United States
1990;1991;1991-dic;Wendy Hamilton;;;;Brunette;20/12/1967;24;35D;3;D;35;24;36;70;1,78;120;54;17,22;Y;Detroit, Michigan, United States
1990;1992;1992-gen;Suzi Simpson;;;;Blonde;16/11/1968;24;36D;3;D;36;23;34;65;1,65;100;45;16,64;N;Athens, Greece
1990;1992;1992-feb;Tanya Beyer;;;;Blonde;04/06/1971;21;36C;2;C;36;25;35;69;1,75;123;56;18,16;Y;St. Paul, Minnesota, United States
1990;1992;1992-mar;Tylyn John;;;;Brunette;31/07/1966;26;34C;2;C;34;23;34;66;1,68;116;53;18,72;Y;Encino, California, United States
1990;1992;1992-apr;Cady Cantrell;;;;Blonde;12/09/1972;20;36DD;4;DD;36;24;36;67;1,70;118;54;18,48;Y;Lanett, Alabama, United States
1990;1992;1992-mag;Anna Nicole Smith;;;Brown;Blonde;28/11/1967;25;36DD;4;DD;36;26;38;71;1,80;140;64;19,53;Y;Mexia, Texas, United States
1990;1992;1992-giu;Angela Melini;;;Brown;Brunette;25/07/1969;23;36DD;4;DD;36;26;35;66;1,68;115;52;18,56;N;Saigon, Vietnam
1990;1992;1992-lug;Amanda Hope;;;Brown;Redhead;23/08/1969;23;35B;1;B;35;25;37;68;1,73;133;60;20,22;Y;Austin, Texas, United States
1990;1992;1992-ago;Ashley Allen;;;Brown;Blonde;07/02/1968;24;34C;2;C;34;24;34;69;1,75;123;56;18,16;Y;San Antonio, Texas, United States
1990;1992;1992-set;Morena Corwin;;;;Brunette;24/10/1969;23;34C;2;C;34;22;34;69;1,75;120;54;17,72;N;Seoul, South Korea
1990;1992;1992-ott;Tiffany Sloan;;;;Brunette;29/05/1973;19;36D;3;D;36;25;36;66;1,68;120;54;19,37;Y;Orange County, California, United States
1990;1992;1992-nov;Stephanie Adams;;;Brown;Brunette;24/07/1970;22;34C;2;C;34;24;34;69;1,75;115;52;16,98;Y;Orange, New Jersey, United States
1990;1992;1992-dic;Barbara Moore;;;Blue;Blonde;21/08/1968;24;36D;3;D;36;24;35;66;1,68;110;50;17,75;Y;Spokane, Washington, United States
1990;1993;1993-gen;Echo Leta Johnson;;;;Blonde;11/01/1974;19;36B;1;B;36;23;33;67;1,70;110;50;17,23;Y;Austin, Texas, United States
1990;1993;1993-feb;Jennifer LeRoy;;;;Brunette;07/01/1974;19;34C;2;C;34;24;35;70;1,78;120;54;17,22;Y;Craig, Colorado, United States
1990;1993;1993-mar;Kimberly Donley;;;Blue;Blonde;15/12/1965;28;34C;2;C;34;24;34;68;1,73;115;52;17,49;Y;Aurora, Illinois, United States
1990;1993;1993-apr;Nicole Wood;;;Brown;Blonde;04/02/1970;23;36C;2;C;36;23;34;66;1,68;108;49;17,43;Y;Canton, Ohio, United States
1990;1993;1993-mag;Elke Jeinsen;;;;Blonde;25/07/1966;27;34B;1;B;34;24;34;69;1,75;118;54;17,43;N;Hanover, Germany
1990;1993;1993-giu;Alesha Oreskovich;;;Brown;Brunette;21/05/1972;21;36C;2;C;36;25;36;68;1,73;125;57;19,01;Y;Tampa, Florida, United States
1990;1993;1993-lug;Leisa Sheridan;;;;Blonde;28/05/1964;29;38D;3;D;38;26;34;67;1,70;118;54;18,48;Y;Omaha, Nebraska, United States
1990;1993;1993-ago;Jennifer J. Lavoie;;;Brown;Brunette;25/02/1971;22;32D;3;D;32;22;32;64;1,63;100;45;17,16;Y;New Hampshire, United States
1990;1993;1993-set;Carrie Westcott;;;;Blonde;12/12/1969;24;34C;2;C;34;24;35;69;1,75;120;54;17,72;Y;Mission Hills, Kansas, United States
1990;1993;1993-ott;Jenny McCarthy;;;Blue;Blonde;01/11/1972;21;38D;3;D;38;24;34;67;1,70;120;54;18,79;Y;Evergreen Park, Illinois, United States
1990;1993;1993-nov;Julianna Young;;;Brown;Blonde;19/09/1960;33;38DD;4;DD;38;21;34;69;1,75;110;50;16,24;Y;Fort Campbell, Kentucky, United States
1990;1993;1993-dic;Arlene Baxter;;;Blue;Blonde;27/11/1962;31;34C;2;C;34;26;36;71;1,80;130;59;18,13;Y;Oceanside, California, United States
1990;1994;1994-gen;Anna Marie Goddard;;;Blue;Blonde;13/01/1970;24;36C;2;C;36;24;35;69;1,75;124;56;18,31;N;Ysbrechtum, The Netherlands
1990;1994;1994-feb;Julie Lynn Cialini;;;;Blonde;14/11/1970;24;34B;1;B;34;24;35;71;1,80;126;57;17,57;Y;Rochester, New York, United States
1990;1994;1994-mar;Neriah Davis;;;Blue;Blonde;12/10/1972;22;36C;2;C;36;23;36;68;1,73;118;54;17,94;Y;Vallecito, California, United States
1990;1994;1994-apr;Becky DelosSantos;;;Blue;Brunette;16/08/1969;25;36C;2;C;36;24;36;70;1,78;130;59;18,65;Y;Boston, Massachusetts, United States
1990;1994;1994-mag;Shae Marks;;;Blue;Blonde;01/06/1972;22;34D;3;D;34;23;34;64;1,63;105;48;18,02;Y;New Orleans, Louisiana, United States
1990;1994;1994-giu;Elan Carter;;;;Brunette;03/07/1969;25;34C;2;C;34;24;35;69;1,75;124;56;18,31;Y;Nutley, New Jersey, United States
1990;1994;1994-lug;Traci Adell;;;Hazel;Brunette;17/02/1969;25;36D;3;D;36;24;36;71;1,80;130;59;18,13;Y;New Orleans, Louisiana, United States
1990;1994;1994-ago;Maria Checa;;;;Brunette;29/07/1970;24;32C;2;C;32;23;33;62;1,57;95;43;17,38;N;Bogotá, Colombia
1990;1994;1994-set;Kelly Gallagher;;;;Brunette;21/11/1967;27;34C;2;C;34;24;35;66;1,68;105;48;16,95;Y;Myrtle Beach, South Carolina, United States
1990;1994;1994-ott;Victoria Zdrok;;;Blue;Blonde;03/03/1973;21;36C;2;C;36;23;34;69;1,75;120;54;17,72;N;Kiev, Ukraine
1990;1994;1994-nov;Donna Perry;;;;Blonde;02/03/1971;23;34C;2;C;34;25;35;71;1,80;135;61;18,83;Y;Glendale, California, United States
1990;1994;1994-dic;Elisa Bridges;;;;Blonde;24/05/1973;21;34B;1;B;34;22;34;66;1,68;107;49;17,27;Y;Miami, Florida, United States
1990;1995;1995-gen;Melissa Holliday;;;;Blonde;30/10/1969;26;34D;3;D;34;24;34;66;1,68;110;50;17,75;Y;Greenwood, South Carolina, United States
1990;1995;1995-feb;Lisa Marie Scott;;;;Brunette;01/02/1974;21;34C;2;C;34;21;34;62;1,57;103;47;18,84;Y;Pensacola, Florida, United States
1990;1995;1995-mar;Stacy Sanches;;;;Brunette;04/09/1973;22;34C;2;C;34;24;36;70;1,78;130;59;18,65;Y;Dallas, Texas, United States
1990;1995;1995-apr;Danelle Marie Folta;;;;Brunette;19/04/1969;26;34C;2;C;34;24;35;70;1,78;124;56;17,79;Y;Hammond, Indiana, United States
1990;1995;1995-mag;Cynthia Gwyn Brown;;;;Brunette;25/11/1974;21;34C;2;C;34;23;34;65;1,65;112;51;18,64;Y;San Jose, California, United States
1990;1995;1995-giu;Rhonda Adams;;;;Blonde;27/11/1971;24;34C;2;C;34;24;33;67;1,70;106;48;16,60;Y;Columbus, Georgia, United States
1990;1995;1995-lug;Heidi Mark;;;;Blonde;18/02/1971;24;34C;2;C;34;23;33;67;1,70;106;48;16,60;Y;Columbus, Ohio, United States
1990;1995;1995-ago;Rachel Jean Marteen;;;;Brunette;31/01/1970;25;34B;1;B;34;24;35;67;1,70;123;56;19,26;Y;Atlanta, Georgia, United States
1990;1995;1995-set;Donna D'Errico;;;;Blonde;30/03/1968;27;34D;3;D;34;22;34;65;1,65;110;50;18,30;Y;Dothan, Alabama, United States
1990;1995;1995-ott;Alicia Rickter;;;;Brunette;21/09/1972;23;34B;1;B;34;23;34;68;1,73;110;50;16,73;Y;Long Beach, California, United States
1990;1995;1995-nov;Holly Witt;;;;Blonde;10/12/1968;27;34D;3;D;34;24;34;65;1,65;112;51;18,64;Y;Lima, Pennsylvania, United States
1990;1995;1995-dic;Samantha Torres;;;;Blonde;06/10/1973;22;34C;2;C;34;24;34;69;1,75;117;53;17,28;N;Ibiza, Spain
1990;1996;1996-gen;Victoria Fuller;;;Blue;Blonde;11/12/1970;26;36C;2;C;36;24;34;68;1,73;123;56;18,70;Y;Santa Barbara, California, United States
1990;1996;1996-feb;Kona Carmack;;;;Blonde;01/10/1976;20;34B;1;B;34;24;34;64;1,63;107;49;18,37;Y;Honolulu, Hawaii, United States
1990;1996;1996-mar;Priscilla Lee Taylor;;;;Blonde;15/08/1971;25;36D;3;D;36;25;34;68;1,73;118;54;17,94;Y;Miami, Florida, United States
1990;1996;1996-apr;Gillian Bonner;;;;Blonde;03/02/1966;30;34C;2;C;34;24;33;66;1,68;115;52;18,56;Y;Athens, Georgia, United States
1990;1996;1996-mag;Shauna Sand;;;Blue;Blonde;02/09/1971;25;33D;3;D;33;22;33;64;1,63;98;44;16,82;Y;San Diego, California, United States
1990;1996;1996-giu;Karin Taylor;;;Brown;Brunette;28/11/1971;25;34DD;4;DD;34;24;34;69;1,75;123;56;18,16;N;Kingston, Jamaica
1990;1996;1996-lug;Angel Boris;;;Green;Redhead;02/08/1974;22;34A;0,5;A;34;22;34;64;1,63;110;50;18,88;Y;Fort Lauderdale, Florida, United States
1990;1996;1996-ago;Jessica Lee;;;;Brunette;18/02/1975;21;34B;1;B;34;24;34;65;1,65;103;47;17,14;Y;Binghamton, New York, United States
1990;1996;1996-set;Jennifer Allan;;;;Brunette;14/05/1974;22;34C;2;C;34;24;34;68;1,73;120;54;18,25;Y;Las Vegas, Nevada, United States
1990;1996;1996-ott;Nadine Chanz;;;;Blonde;17/04/1972;24;34DD;4;DD;34;22;34;66;1,68;102;46;16,46;N;Hildesheim, Germany
1990;1996;1996-nov;Ulrika Ericsson;;;;Blonde;10/09/1970;26;34C;2;C;34;25;35;67;1,70;118;54;18,48;N;Gävle, Sweden
1990;1996;1996-dic;Victoria Silvstedt;;;Blue;Blonde;19/09/1974;22;36D;3;D;36;25;37;71;1,80;139;63;19,39;N;Skelleftehamn, Sweden
1990;1997;1997-gen;Jami Ferrell;;;;Blonde;20/06/1974;23;36D;3;D;36;22;35;68;1,73;118;54;17,94;Y;Muncie, Indiana, United States
1990;1997;1997-feb;Kimber West;;;;Brunette;23/05/1974;23;36D;3;D;36;24;36;70;1,78;125;57;17,94;Y;Atlanta, Georgia, United States
1990;1997;1997-mar;Jennifer Miriam;;;;Brunette;02/05/1972;25;36C;2;C;36;24;34;65;1,65;114;52;18,97;Y;Oklahoma City, Oklahoma, United States
1990;1997;1997-apr;Kelly Monaco;;;Brown;Brunette;23/05/1976;21;34D;3;D;34;22;32;63;1,60;95;43;16,83;Y;Pennsylvania, Pennsylvania, United States
1990;1997;1997-mag;Lynn Thomas;;;;Brunette;21/01/1976;21;34D;3;D;34;25;35;67;1,70;120;54;18,79;Y;Newport News, Virginia, United States
1990;1997;1997-giu;Carrie Stevens;;;;Brunette;01/05/1969;28;34D;3;D;34;24;34;66;1,68;114;52;18,40;Y;Buffalo, New York, United States
1990;1997;1997-lug;Daphnee Lynn Duplaix;;;;Brunette;18/08/1976;21;34B;1;B;34;24;36;68;1,73;120;54;18,25;Y;New York City, New York, United States
1990;1997;1997-ago;Kalin Olson;;;;Brunette;29/12/1975;22;36C;2;C;36;24;32;67;1,70;125;57;19,58;Y;Hot Springs, Arkansas, United States
1990;1997;1997-set;Nikki Schieler;;;Green;Blonde;09/08/1971;26;36C;2;C;36;23;35;68;1,73;118;54;17,94;Y;Brea, California, United States
1990;1997;1997-ott;Layla Roberts;;;Brown;Blonde;22/10/1974;23;36C;2;C;36;24;36;70;1,78;121;55;17,36;Y;Kealakekua Kona, Hawaii, United States
1990;1997;1997-nov;Inga Drozdova;;;;Blonde;14/12/1975;22;36C;2;C;36;24;36;69;1,75;124;56;18,31;N;Latvia
1990;1997;1997-dic;Karen McDougal;;;;Brunette;23/03/1971;26;34C;2;C;34;24;34;68;1,73;125;57;19,01;Y;Gary, Indiana, United States
1990;1998;1998-gen;Heather Kozar;;;;Blonde;04/05/1976;22;36DD;4;DD;36;24;35;68;1,73;117;53;17,79;Y;Akron, Ohio, United States
1990;1998;1998-feb;Julia Schultz;;;;Blonde;15/06/1979;19;34C;2;C;34;25;36;69;1,75;125;57;18,46;Y;San Diego, California, United States
1990;1998;1998-mar;Marliece Andrada;;;;Blonde;22/08/1972;26;35D;3;D;35;24;35;67;1,70;118;54;18,48;Y;Manteca, California, United States
1990;1998;1998-apr;Holly Joan Hart;;;;Brunette;10/11/1976;22;34B;1;B;34;23;34;68;1,73;125;57;19,01;Y;Fort Hood, Texas, United States
1990;1998;1998-mag;Deanna Brooks;;;;Brunette;30/04/1974;24;36C;2;C;36;24;35;65;1,65;107;49;17,81;Y;Boulder City, Nevada, United States
1990;1998;1998-giu;Maria Luisa Gil;;;;Brunette;16/12/1977;21;34C;2;C;34;24;34;69;1,75;125;57;18,46;N;Cuba
1990;1998;1998-lug;Lisa Dergan;;;;Blonde;10/08/1970;28;34C;2;C;34;24;34;68;1,73;120;54;18,25;Y;Corpus Christi, Texas, United States
1990;1998;1998-ago;Angela Little;;;Brown;Blonde;22/07/1972;26;34C;2;C;34;23;34;62;1,57;95;43;17,38;Y;Albertville, Alabama, United States
1990;1998;1998-set;Vanessa Gleason;;;;Brunette;31/08/1979;19;34D;3;D;34;23;32;65;1,65;110;50;18,30;Y;San Diego, California, United States
1990;1998;1998-ott;Laura Cover;;;;Blonde;06/05/1977;21;34C;2;C;34;23;34;65;1,65;113;51;18,80;Y;Bucyrus, Ohio, United States
1990;1998;1998-nov;Tiffany Taylor;;;Brown;Brunette;17/07/1977;21;36C;2;C;36;25;35;67;1,70;115;52;18,01;Y;Leesburg, Virginia, United States
1990;1998;1998-dic;Erica Dahm;;;;Blonde;12/12/1977;21;34C;2;C;34;25;34;68;1,73;115;52;17,49;Y;Minneapolis, Mississippi, United States
1990;1998;1998-dic;Jaclyn Dahm;;;;Blonde;12/12/1977;21;34C;2;C;34;25;34;68;1,73;115;52;17,49;Y;Minneapolis, Mississippi, United States
1990;1998;1998-dic;Nicole Dahm;;;;Blonde;12/12/1977;21;34C;2;C;34;25;34;68;1,73;115;52;17,49;Y;Minneapolis, Mississippi, United States
1990;1999;1999-gen;Jaime Bergman;;;Brown;Blonde;23/09/1975;24;34C;2;C;34;23;34;65;1,65;110;50;18,30;Y;Salt Lake City, Utah, United States
1990;1999;1999-feb;Stacy Marie Fuson;;;Blue;Blonde;30/08/1978;21;34C;2;C;34;24;35;69;1,75;120;54;17,72;Y;Tacoma, Washington, United States
1990;1999;1999-mar;Alexandria Karlsen;;;Brown;Redhead;26/10/1978;21;34C;2;C;34;23;34;67;1,70;107;49;16,76;Y;Mesa, Arizona, United States
1990;1999;1999-apr;Natalia Sokolova;;;Green;Blonde;15/10/1976;23;34D;3;D;34;23;35;71;1,80;127;58;17,71;N;Moscow, Russia
1990;1999;1999-mag;Tishara Cousino;;;Brown;Brunette;16/06/1978;21;36C;2;C;36;21;34;67;1,70;120;54;18,79;Y;Las Vegas, Nevada, United States
1990;1999;1999-giu;Kimberly Spicer;;;;Brunette;17/01/1980;19;36C;2;C;36;24;34;66;1,68;117;53;18,88;Y;Detroit, Michigan, United States
1990;1999;1999-lug;Jennifer Rovero;;;;Blonde;12/12/1978;21;34B;1;B;34;24;34;68;1,73;120;54;18,25;Y;Austin, Texas, United States
1990;1999;1999-ago;Rebecca Scott;;;;Blonde;27/09/1972;27;38D;3;D;38;28;38;68;1,73;140;64;21,29;Y;Kenosha, Wisconsin, United States
1990;1999;1999-set;Kristi Cline;;;;Blonde;04/05/1980;19;34C;2;C;34;24;33;68;1,73;116;53;17,64;Y;Lubbock, Texas, United States
1990;1999;1999-ott;Jodi Ann Paterson;;;;Brunette;31/07/1975;24;32D;3;D;32;23;35;65;1,65;112;51;18,64;N;Balikpapan, Indonesia
1990;1999;1999-nov;Cara Wakelin;;;;Blonde;08/02/1977;22;34C;2;C;34;24;35;65;1,65;113;51;18,80;N;Melbourne, Australia
1990;1999;1999-dic;Brooke Richards;;;Brown;Brunette;17/10/1976;23;34DD;4;DD;34;24;35;68;1,73;119;54;18,09;Y;York, Pennsylvania, United States
2000;2000;2000-gen;Carol Bernaola;;;;Brunette;27/08/1976;24;32C;2;C;32;23;34;67;1,70;111;50;17,38;Y;Los Angeles, California, United States
2000;2000;2000-gen;Darlene Bernaola;;;;Brunette;27/08/1976;24;32C;2;C;32;23;34;67;1,70;111;50;17,38;Y;Los Angeles, California, United States
2000;2000;2000-feb;Suzanne Stokes;;;Green;Blonde;09/07/1979;21;35D;3;D;35;23;33;64;1,63;105;48;18,02;Y;United States
2000;2000;2000-mar;Nicole Marie Lenz;;;Green;Brunette;24/06/1980;20;32B;1;B;32;24;32;65;1,65;105;48;17,47;Y;Cleveland, Ohio, United States
2000;2000;2000-apr;Brande Roderick;;;Blue;Blonde;13/06/1974;26;35DD;4;DD;35;24;34;67;1,70;117;53;18,32;Y;Novato, California, United States
2000;2000;2000-mag;Brooke Berry;;;;Brunette;07/03/1980;20;36C;2;C;36;25;34;68;1,73;115;52;17,49;N;Vancouver, Canada
2000;2000;2000-giu;Shannon Stewart;;;Blue;Brunette;25/05/1978;22;34D;3;D;34;24;36;66;1,68;112;51;18,08;Y;Baton Rouge, Louisiana, United States
2000;2000;2000-lug;Neferteri Shepherd;;;;Brunette;08/09/1980;20;36C;2;C;36;23;35;69;1,75;118;54;17,43;Y;New Orleans, Louisiana, United States
2000;2000;2000-ago;Summer Altice;;;Brown;Brunette;23/12/1979;21;34B;1;B;34;23;33;71;1,80;125;57;17,43;Y;Fountain Valley, California, United States
2000;2000;2000-set;Kerissa Fare;;;;Blonde;31/12/1976;24;34D;3;D;34;26;33;69;1,75;115;52;16,98;Y;Orange County, California, United States
2000;2000;2000-ott;Nichole Van Croft;;;Brown;Blonde;05/11/1973;27;36DD;4;DD;36;24;36;65;1,65;115;52;19,14;Y;Jacksonville, Florida, United States
2000;2000;2000-nov;Buffy Tyler;;;Blue;Blonde;18/04/1978;22;36D;3;D;36;24;34;65;1,65;107;49;17,81;Y;Fredericksburg, Texas, United States
2000;2000;2000-dic;Cara Michelle;;;Brown;Brunette;02/02/1978;22;34C;2;C;34;26;36;74;1,88;135;61;17,33;Y;Molokai, Hawaii, United States
2000;2001;2001-gen;Irina Voronina;;;Blue;Blonde;19/12/1977;24;35C;2;C;35;25;36;70;1,78;120;54;17,22;N;Dzerzhinsk, Russia
2000;2001;2001-feb;Lauren Michelle Hill;;;;Brunette;27/06/1979;22;34b;1;b;34;21;33;66;1,68;100;45;16,14;Y;Columbia, South Carolina, United States
2000;2001;2001-mar;Miriam Gonzalez;;;Brown;Brunette;08/07/1977;24;34F;6;F;34;25;36;64;1,63;112;51;19,22;Y;Queens, New York, United States
2000;2001;2001-apr;Katie Lohmann;;;;Blonde;29/01/1980;21;32D;3;D;32;22;32;64;1,63;103;47;17,68;Y;Scottsdale, Arizona, United States
2000;2001;2001-mag;Crista Nicole;;;;Brunette;24/07/1978;23;34C;2;C;34;25;35;69;1,75;125;57;18,46;Y;Springfield, Illinois, United States
2000;2001;2001-giu;Heather Spytek;;;Brown;Blonde;17/12/1977;24;36C;2;C;36;22;32;66;1,68;110;50;17,75;Y;Woodbury, New Jersey, United States
2000;2001;2001-lug;Kimberley Stanfield;;;;Blonde;18/11/1981;20;34C;2;C;34;24;34;66;1,68;106;48;17,11;N;Vancouver, Canada
2000;2001;2001-ago;Jennifer Walcott;;;Brown;Blonde;08/05/1977;24;32C;2;C;32;22;32;63;1,60;105;48;18,60;Y;Youngstown, Ohio, United States
2000;2001;2001-set;Dalene Kurtis;;;Green;Blonde;12/11/1977;24;34D;3;D;34;24;35;65;1,65;112;51;18,64;Y;Apple Valley, California, United States
2000;2001;2001-ott;Stephanie Heinrich;;;Brown;Blonde;13/11/1979;22;34D;3;D;34;26;34;63;1,60;112;51;19,84;Y;Cincinnati, Ohio, United States
2000;2001;2001-nov;Lindsey Vuolo;;;Brown;Brunette;19/10/1981;20;34DD;4;DD;34;24;35;68;1,73;120;54;18,25;Y;Princeton, New Jersey, United States
2000;2001;2001-dic;Shanna Moakler;;;;Blonde;28/03/1975;26;34C;2;C;34;24;34;68;1,73;117;53;17,79;Y;Providence, Rhode Island, United States
2000;2002;2002-gen;Nicole Narain;;;;Brunette;28/07/1974;28;34B;1;B;34;27;35;64;1,63;110;50;18,88;Y;Chicago, Illinois, United States
2000;2002;2002-feb;Anka Romensky;;;Blue;Blonde;16/09/1980;22;34C;2;C;34;23;35;70;1,78;125;57;17,94;N;Kiev, Ukraine
2000;2002;2002-mar;Tina Jordan;;;;Blonde;21/08/1972;30;34DD;4;DD;34;24;34;65;1,65;115;52;19,14;Y;Hollywood, California, United States
2000;2002;2002-apr;Heather Carolin;;;Blue;Redhead;15/08/1982;20;34B;1;B;34;22;30;64;1,63;98;44;16,82;Y;Harbor City, California, United States
2000;2002;2002-mag;Christi Shake;;;Brown;Blonde;22/08/1980;22;34D;3;D;34;24;34;67;1,70;122;55;19,11;Y;Baltimore, Maryland, United States
2000;2002;2002-giu;Michele Rogers;;;Brown;Brunette;14/05/1976;26;32B;1;B;32;23;33;63;1,60;103;47;18,25;Y;Honolulu, Hawaii, United States
2000;2002;2002-lug;Lauren Anderson;;;Brown;Blonde;06/06/1980;22;34D;3;D;34;24;35;69;1,75;125;57;18,46;Y;Milwaukee, Wisconsin, United States
2000;2002;2002-ago;Christina L. Santiago;;;;Brunette;15/10/1981;21;34B;1;B;34;24;33;65;1,65;108;49;17,97;Y;Chicago, Illinois, United States
2000;2002;2002-set;Shallan Meiers;;;;Blonde;30/09/1981;21;34D;3;D;34;24;36;70;1,78;125;57;17,94;Y;San Diego, California, United States
2000;2002;2002-ott;Teri Harrison;;;;Blonde;16/02/1981;21;34D;3;D;34;26;33;66;1,68;117;53;18,88;Y;Bradenton, Florida, United States
2000;2002;2002-nov;Serria Tawan;;;;Brunette;04/09/1978;24;34C;2;C;34;25;34;68;1,73;130;59;19,77;Y;Chicago, Illinois, United States
2000;2002;2002-dic;Lani Todd;;;;Blonde;04/06/1981;21;36B;1;B;36;25;35;67;1,70;125;57;19,58;Y;Philadelphia, Pennsylvania, United States
2000;2003;2003-gen;Rebecca Anne Ramos;;;Brown;Brunette;26/08/1967;36;34DD;4;DD;34;24;34;65;1,65;110;50;18,30;Y;San Antonio, Texas, United States
2000;2003;2003-feb;Charis Boyle;;;Green;Blonde;31/08/1976;27;34D;3;D;34;24;33;68;1,73;120;54;18,25;Y;Alexandria, Virginia, United States
2000;2003;2003-mar;Pennelope Jimenez;;;Brown;Brunette;26/07/1978;25;34D;3;D;34;24;35;67;1,70;125;57;19,58;Y;San Diego, California, United States
2000;2003;2003-apr;Carmella DeCesare;;;Brown;Brunette;01/07/1982;21;34B;1;B;34;24;27;68;1,73;118;54;17,94;Y;Avon Lake, Ohio, United States
2000;2003;2003-mag;Laurie Fetter;;;Blue;Blonde;09/01/1982;21;34D;3;D;34;24;35;68;1,73;115;52;17,49;Y;Elgin, Illinois, United States
2000;2003;2003-giu;Tailor James;;;Blue;Blonde;21/07/1980;23;34D;3;D;34;24;34;64;1,63;110;50;18,88;N;Mississauga, Canada
2000;2003;2003-lug;Marketa Janska;;;Blue;Blonde;24/05/1981;22;34C;2;C;34;24;36;67;1,70;115;52;18,01;N;Most, Czech Republic
2000;2003;2003-ago;Colleen Marie;;;Brown;Brunette;28/08/1977;26;34B;1;B;34;25;36;67;1,70;125;57;19,58;Y;Oklahoma City, Oklahoma, United States
2000;2003;2003-set;Luci Victoria;;;Blue;Blonde;02/02/1982;21;34DD;4;DD;34;25;35;70;1,78;130;59;18,65;N;Sheffield, United Kingdom
2000;2003;2003-ott;Audra Lynn;;;Blue;Blonde;31/01/1980;23;34C;2;C;34;24;34;68;1,73;115;52;17,49;Y;Hartland, Minnesota, United States
2000;2003;2003-nov;Divini Rae;;;Blue;Blonde;31/07/1977;26;36C;2;C;36;24;36;68;1,73;126;57;19,16;Y;Fairbanks, Alaska, United States
2000;2003;2003-dic;Deisy Teles;;;Brown;Brunette;16/03/1983;20;37D;3;D;37;25;36;68;1,73;124;56;18,85;N;Muçum, Brazil
2000;2003;2003-dic;Sarah Teles;;;Brown;Brunette;16/03/1983;20;37D;3;D;37;25;36;68;1,73;124;56;18,85;N;Muçum, Brazil
2000;2004;2004-gen;Colleen Shannon;;;;Blonde;14/04/1978;26;34C;2;C;34;25;34;62;1,57;107;49;19,57;Y;Pelican, Alaska, United States
2000;2004;2004-feb;Aliya Wolf;;;Blue;Brunette;17/01/1975;29;34E;5;E;34;24;35;67;1,70;120;54;18,79;Y;Stephenville, Texas, United States
2000;2004;2004-mar;Sandra Hubby;;;;Blonde;23/11/1978;26;34C;2;C;34;22;34;64;1,63;103;47;17,68;Y;Norton, Ohio, United States
2000;2004;2004-apr;Krista Kelly;;;Blue;Brunette;18/06/1977;27;34C;2;C;34;25;35;70;1,78;127;58;18,22;N;Toronto, Canada
2000;2004;2004-mag;Nicole Whitehead;;;;Blonde;05/11/1980;24;32B;1;B;32;24;34;64;1,63;110;50;18,88;Y;Birmingham, Alabama, United States
2000;2004;2004-giu;Hiromi Oshima;;;Brown;Brunette;06/01/1980;24;34C;2;C;34;22;34;64;1,63;108;49;18,54;N;Tokyo, Japan
2000;2004;2004-lug;Stephanie Glasson;;;Brown;Blonde;01/12/1975;29;34D;3;D;34;24;33;67;1,70;117;53;18,32;Y;Memphis, Tennessee, United States
2000;2004;2004-ago;Pilar Lastra;;;;Brunette;15/01/1981;23;34C;2;C;34;25;34;66;1,68;110;50;17,75;Y;Monterey Park, California, United States
2000;2004;2004-set;Scarlett Keegan;;;;Redhead;18/05/1984;20;34B;1;B;34;24;34;65;1,65;106;48;17,64;Y;Westlake Village, California, United States
2000;2004;2004-ott;Kimberly Holland;;;Brown;Blonde;01/08/1982;22;34D;3;D;34;23;33;65;1,65;102;46;16,97;Y;Humble, Texas, United States
2000;2004;2004-nov;Cara Zavaleta;;;;Brunette;15/06/1980;24;34C;2;C;34;25;34;66;1,68;118;54;19,05;Y;Bowling Green, Ohio, United States
2000;2004;2004-dic;Tiffany Fallon;;;;Brunette;01/05/1974;30;34C;2;C;34;23;35;66;1,68;115;52;18,56;Y;Fort Lauderdale, Florida, United States
2000;2005;2005-gen;Destiny Davis;;;Brown;Blonde;24/08/1985;20;36DD;4;DD;36;24;34;65;1,65;110;50;18,30;Y;Glendora, California, United States
2000;2005;2005-feb;Amber Campisi;;;Brown;Brunette;21/06/1981;24;36DD;4;DD;36;28;36;67;1,70;127;58;19,89;Y;Dallas, Texas, United States
2000;2005;2005-mar;Jillian Grace;;;Green;Blonde;20/12/1985;20;36C;2;C;36;24;36;65;1,65;117;53;19,47;Y;Berryville, Arizona, United States
2000;2005;2005-apr;Courtney Rachel Culkin;;;Brown;Blonde;23/02/1983;22;34C;2;C;34;24;34;63;1,60;105;48;18,60;Y;Long Island, New York, United States
2000;2005;2005-mag;Jamie Westenhiser;;;Brown;Brunette;02/11/1981;24;34C;2;C;34;23;34;67;1,70;112;51;17,54;Y;Hollywood, Florida, United States
2000;2005;2005-giu;Kara Monaco;;;Blue;Blonde;26/02/1983;22;34C;2;C;34;24;34;66;1,68;110;50;17,75;Y;Lakeland, Florida, United States
2000;2005;2005-lug;Qiana Chase;;;Brown;Brunette;12/02/1981;24;36C;2;C;36;25;36;69;1,75;130;59;19,20;Y;Los Angeles, California, United States
2000;2005;2005-ago;Tamara Witmer;;;Blue;Blonde;21/03/1984;21;34C;2;C;34;24;34;68;1,73;115;52;17,49;Y;Valencia, California, United States
2000;2005;2005-set;Vanessa Hoelsher;;;Blue;Blonde;19/01/1982;23;36D;3;D;36;25;36;66;1,68;120;54;19,37;Y;Atlanta, Georgia, United States
2000;2005;2005-ott;Amanda Paige;;;Hazel;Blonde;28/10/1984;21;34D;3;D;34;24;33;68;1,73;117;53;17,79;Y;Fayetteville, North Carolina, United States
2000;2005;2005-nov;Raquel Gibson;;;Brown;Brunette;14/06/1985;20;34C;2;C;34;23;35;64;1,63;110;50;18,88;Y;Clearwater, Florida, United States
2000;2005;2005-dic;Christine Smith;;;Blue;Redhead;06/04/1979;26;34C;2;C;34;24;34;65;1,65;115;52;19,14;Y;San Dimas, California, United States
2000;2006;2006-gen;Athena Lundberg;;;Blue;Blonde;12/04/1986;20;34B;1;B;34;25;36;66;1,68;119;54;19,21;Y;Mountain View, California, United States
2000;2006;2006-feb;Cassandra Lynn;;;Blue;Blonde;15/08/1979;27;32DD;4;DD;32;24;34;65;1,65;110;50;18,30;Y;Price, Utah, United States
2000;2006;2006-mar;Monica Leigh;;;Brown;Brunette;19/12/1981;25;36C;2;C;36;24;36;66;1,68;115;52;18,56;Y;Long Island, New York, United States
2000;2006;2006-apr;Holley Ann Dorrough;;;Blue;Blonde;12/08/1986;20;34B;1;B;34;25;34;68;1,73;115;52;17,49;Y;Gadsden, Alabama, United States
2000;2006;2006-mag;Alison Waite;;;Brown;Brunette;10/11/1981;25;34C;2;C;34;24;34;66;1,68;117;53;18,88;Y;Los Altos, California, United States
2000;2006;2006-giu;Stephanie Larimore;;;Brown;Brunette;21/04/1981;25;34C;2;C;34;23;34;64;1,63;105;48;18,02;Y;Fort Wayne, Indiana, United States
2000;2006;2006-lug;Sara Jean Underwood;;;Green;Blonde;26/03/1984;22;32B;1;B;32;24;31;63;1,60;103;47;18,25;Y;Portland, Oregon, United States
2000;2006;2006-ago;Nicole Voss;;;Blue;Brunette;19/09/1982;24;32C;2;C;32;23;33;65;1,65;107;49;17,81;Y;Ocala, Florida, United States
2000;2006;2006-set;Janine Habeck;;;Green;Brunette;03/06/1983;23;36C;2;C;36;26;36;66;1,68;110;50;17,75;N;Berlin, Germany
2000;2006;2006-ott;Jordan Monroe;;;Brown;Brunette;14/04/1986;20;34DD;4;DD;34;24;34;69;1,75;130;59;19,20;Y;Denison, Iowa, United States
2000;2006;2006-nov;Sarah Elizabeth;;;Brown;Blonde;13/08/1983;23;34D;3;D;34;23;32;65;1,65;110;50;18,30;Y;Glendale, Arizona, United States
2000;2006;2006-dic;Kia Drayton;;;Brown;Brunette;11/04/1983;23;34C;2;C;34;24;34;69;1,75;118;54;17,43;Y;Goldsboro, North Carolina, United States
2000;2007;2007-gen;Jayde Nicole;;;Brown;Brunette;19/02/1986;21;34C;2;C;34;24;35;69;1,75;117;53;17,28;N;Scarborough, Canada
2000;2007;2007-feb;Heather Rene Smith;;;Brown;Blonde;08/01/1987;20;34D;3;D;34;24;34;63;1,60;115;52;20,37;Y;Salinas, California, United States
2000;2007;2007-mar;Tyran Richard;;;Blue;Blonde;01/10/1982;25;34D;3;D;34;24;34;68;1,73;115;52;17,49;Y;Zachary, Louisiana, United States
2000;2007;2007-apr;Giuliana Marino;;;Green;Brunette;13/05/1986;21;33C;2;C;33;25;35;66;1,68;114;52;18,40;N;Nuremberg, Germany
2000;2007;2007-mag;Shannon James;;;Brown;Blonde;05/02/1987;20;34C;2;C;34;23;34;68;1,73;115;52;17,49;Y;Holland, Pennsylvania, United States
2000;2007;2007-giu;Brittany Binger;;;Brown;Brunette;24/03/1987;20;34B;1;B;34;24;35;67;1,70;112;51;17,54;Y;Bellevue, Washington, United States
2000;2007;2007-lug;Tiffany Selby;;;Green;Blonde;14/11/1981;26;34D;3;D;34;24;34;66;1,68;115;52;18,56;Y;Jacksonville, Florida, United States
2000;2007;2007-ago;Tamara Sky;;;Brown;Brunette;20/02/1985;22;33D;3;D;33;24;34;66;1,68;109;49;17,59;N;Puerto Rico
2000;2007;2007-set;Patrice Hollis;;;Brown;Brunette;01/09/1981;26;34DD;4;DD;34;23;33;68;1,73;117;53;17,79;Y;Las Vegas, Nevada, United States
2000;2007;2007-ott;Spencer Scott;;;Blue;Blonde;04/04/1989;18;32D;3;D;32;27;36;64;1,63;110;50;18,88;Y;St. Petersburg, Florida, United States
2000;2007;2007-nov;Lindsay Wagner;;;Brown;Blonde;14/03/1988;19;34DD;4;DD;34;27;34;68;1,73;120;54;18,25;Y;Omaha, Nebraska, United States
2000;2007;2007-dic;Sasckya Porto;;;Brown;Brunette;31/10/1984;23;34C;2;C;34;25;35;70;1,78;123;56;17,65;N;Recife, Brazil
2000;2008;2008-gen;Sandra Nilsson;;;Blue;Brunette;17/02/1986;22;35C;2;C;35;26;35;69;1,75;123;56;18,16;N;Ystad, Sweden
2000;2008;2008-feb;Michelle McLaughlin;;;Hazel;Blonde;19/06/1986;22;32D;3;D;32;25;36;68;1,73;120;54;18,25;Y;Redwood City, California, United States
2000;2008;2008-mar;Ida Ljungqvist;;;Brown;Brunette;27/09/1981;27;32D;3;D;32;21;35;64;1,63;108;49;18,54;N;Dar es Salaam, Tanzania
2000;2008;2008-apr;Regina Deutinger;;;Blue;Blonde;17/09/1982;26;37E;5;E;37;25;37;69;1,75;127;58;18,75;N;Munich, Germany
2000;2008;2008-mag;AJ Alexander;;;Blue;Redhead;16/09/1980;28;32C;2;C;32;24;35;67;1,70;113;51;17,70;Y;Evansville, Indiana, United States
2000;2008;2008-giu;Juliette Frette;;;Blue;Blonde;25/12/1983;25;34D;3;D;34;25;36;67;1,70;120;54;18,79;Y;Santa Clara, California, United States
2000;2008;2008-lug;Laura Croft;;;Brown;Brunette;30/01/1983;25;34C;2;C;34;24;34;65;1,65;117;53;19,47;Y;Jacksonville, Florida, United States
2000;2008;2008-ago;Kayla Collins;;;Brown;Blonde;01/04/1987;21;34D;3;D;34;24;34;62;1,57;105;48;19,20;Y;Reading, Pennsylvania, United States
2000;2008;2008-set;Valerie Mason;;;Brown;Brunette;29/01/1988;20;34D;3;D;34;25;36;67;1,70;115;52;18,01;Y;Monroe, Louisiana, United States
2000;2008;2008-ott;Kelly Carrington;;;Blue;Blonde;24/06/1986;22;34C;2;C;34;24;34;65;1,65;115;52;19,14;Y;White Plains, New York, United States
2000;2008;2008-nov;Grace Kim;;;Brown;Brunette;20/08/1979;29;34C;2;C;34;21;32;66;1,68;108;49;17,43;Y;Los Angeles, California, United States
2000;2008;2008-dic;Jennifer Campbell;;;Blue;Brunette;08/08/1986;22;34C;2;C;34;25;35;68;1,73;115;52;17,49;Y;Greeley, Colorado, United States
2000;2008;2008-dic;Natalie Campbell;;;Blue;Brunette;08/08/1986;22;34C;2;C;34;25;35;68;1,73;115;52;17,49;Y;Greeley, Colorado, United States
2000;2009;2009-gen;Dasha Astafieva;;;Green;Brunette;04/08/1985;24;34D;3;D;34;23;36;67;1,70;121;55;18,95;N;Ordzhonikidze, Ukraine
2000;2009;2009-feb;Jessica Burciaga;;;Brown;Brunette;11/04/1983;26;34C;2;C;34;24;34;62;1,57;110;50;20,12;Y;Santa Fe Springs, California, United States
2000;2009;2009-mar;Jennifer Pershing;;;Blue;Blonde;19/06/1980;29;35D;3;D;35;27;37;68;1,73;125;57;19,01;Y;Somers Point, New Jersey, United States
2000;2009;2009-apr;Hope Dworaczyk;;;Green;Brunette;21/11/1984;25;34C;2;C;34;23;35;70;1,78;126;57;18,08;Y;Port Lavaca, Texas, United States
2000;2009;2009-mag;Crystal McCahill;;;Green;Brunette;18/12/1983;26;34DD;4;DD;34;26;34;67;1,70;125;57;19,58;Y;River Forest, Illinois, United States
2000;2009;2009-giu;Candice Cassidy;;;Brown;Blonde;23/10/1985;24;34C;2;C;34;24;36;69;1,75;125;57;18,46;Y;Portsmouth, Ohio, United States
2000;2009;2009-lug;Karissa Shannon;;;Blue;Blonde;02/10/1989;20;34B;1;B;34;26;34;70;1,78;125;57;17,94;Y;Ann Arbor, Michigan, United States
2000;2009;2009-lug;Kristina Shannon;;;Blue;Blonde;02/10/1989;20;34B;1;B;34;26;34;70;1,78;125;57;17,94;Y;Ann Arbor, Michigan, United States
2000;2009;2009-ago;Kristina Shannon;;;Blue;Blonde;02/10/1989;20;34B;1;B;34;26;34;70;1,78;125;57;17,94;Y;Ann Arbor, Michigan, United States
2000;2009;2009-set;Kimberly Phillips;;;Green;Redhead;09/01/1987;22;34D;3;D;34;25;35;68;1,73;125;57;19,01;Y;Fountain Valley, California, United States
2000;2009;2009-ott;Lindsey Evans;;;Brown;Blonde;09/12/1989;20;34C;2;C;34;24;36;70;1,78;125;57;17,94;Y;Blanchard, Louisiana, United States
2000;2009;2009-nov;Kelley Thompson;;;Brown;Brunette;08/12/1987;22;34D;3;D;34;25;34;66;1,68;115;52;18,56;Y;Tyler, Texas, United States
2000;2009;2009-dic;Crystal Harris;;;Green;Blonde;29/04/1986;23;34D;3;D;34;25;35;66;1,68;124;56;20,01;Y;Lake Havasu City, Arizona, United States
2010;2010;2010-gen;Jaime Faith Edmondson;;;Brown;Brunette;30/12/1978;32;33C;2;C;33;24;35;68;1,73;125;57;19,01;Y;Bartow, Florida, United States
2010;2010;2010-feb;Heather Rae Young;;;Brown;Blonde;16/09/1987;23;32C;2;C;32;23;33;67;1,70;102;46;15,98;Y;Anaheim, California, United States
2010;2010;2010-mar;Kyra Milan;;;Green;Brunette;02/11/1989;21;32B;1;B;32;24;33;67;1,70;120;54;18,79;Y;Lake City, Florida, United States
2010;2010;2010-apr;Amy Leigh Andrews;;;Brown;Blonde;19/09/1984;26;34D;3;D;34;25;36;62;1,57;110;50;20,12;Y;Atlanta, Georgia, United States
2010;2010;2010-mag;Kassie Lyn Logsdon;;;Brown;Brunette;06/01/1987;23;34C;2;C;34;25;36;67;1,70;125;57;19,58;Y;Hollywood, California, United States
2010;2010;2010-giu;Katie Vernola;;;Green;Blonde;21/10/1991;19;34D;3;D;34;26;35;68;1,73;125;57;19,01;Y;Victorville, California, United States
2010;2010;2010-lug;Shanna Marie McLaughlin;;;Blue;Blonde;10/05/1985;25;34DD;4;DD;34;26;36;68;1,73;123;56;18,70;Y;Palm Beach, Florida, United States
2010;2010;2010-ago;Francesca Frigo;;;Brown;Brunette;22/03/1986;24;34D;3;D;34;24;34;65;1,65;115;52;19,14;N;Puerto La Cruz, Venezuela
2010;2010;2010-set;Olivia Paige;;;Blue;Blonde;22/05/1991;19;36C;2;C;36;24;36;67;1,70;120;54;18,79;Y;Brockport, New York, United States
2010;2010;2010-ott;Claire Sinclair;;;Brown;Brunette;25/05/1991;19;36D;3;D;36;24;36;68;1,73;125;57;19,01;Y;Los Angeles, California, United States
2010;2010;2010-nov;Shera Bechard;;;Blue;Blonde;14/09/1983;27;34D;3;D;34;26;36;66;1,68;116;53;18,72;N;Kapuskasing, Canada
2010;2010;2010-dic;Ashley Hobbs;;;Green;Blonde;03/09/1989;21;34C;2;C;34;27;32;66;1,68;120;54;19,37;Y;Harbor City, California, United States
2010;2011;2011-gen;Anna Sophia Berglund;;;Brown;Blonde;05/04/1986;25;34D;3;D;34;25;36;66;1,68;128;58;20,66;Y;San Pedro, California, United States
2010;2011;2011-feb;Kylie Johnson;;;;Brunette;30/11/1990;21;32D;3;D;32;25;35;64;1,63;107;49;18,37;Y;Ford Ord, California, United States
2010;2011;2011-mar;Ashley Mattingly;;;Green;Blonde;10/09/1986;25;32C;2;C;32;24;32;67;1,70;110;50;17,23;Y;Dallas, Texas, United States
2010;2011;2011-apr;Jaclyn Swedberg;;;Brown;Brunette;14/08/1990;21;34D;3;D;34;25;35;65;1,65;106;48;17,64;Y;San Pedro, California, United States
2010;2011;2011-mag;Sasha Bonilova;;;Green;Blonde;20/05/1987;24;36DD;4;DD;36;27;36;67;1,70;127;58;19,89;N;Lutsk, Ukraine
2010;2011;2011-giu;Mei-Ling Lam;;;Brown;Brunette;26/01/1984;27;32B;1;B;32;24;34;66;1,68;109;49;17,59;Y;Waterville, Maine, United States
2010;2011;2011-lug;Jessa Hinton;;;Green;Blonde;10/04/1984;27;34D;3;D;34;25;34;68;1,73;116;53;17,64;Y;Los Angeles, California, United States
2010;2011;2011-ago;Iryna Ivanova;;;Brown;Brunette;06/04/1987;24;32DD;4;DD;32;25;35;64;1,63;105;48;18,02;N;Feodosiya, Ukraine
2010;2011;2011-set;Tiffany Toth;;;Blue;Blonde;28/03/1986;25;34C;2;C;34;25;36;68;1,73;125;57;19,01;Y;Anaheim, California, United States
2010;2011;2011-ott;Amanda Cerny;;;Brown;Brunette;26/06/1991;20;34C;2;C;34;24;34;67;1,70;125;57;19,58;Y;Pittsburgh, Pennsylvania, United States
2010;2011;2011-nov;Ciara Price;;;Green;Blonde;10/05/1990;21;32C;2;C;32;25;35;64;1,63;118;54;20,25;Y;Portland, Maine, United States
2010;2011;2011-dic;Rainy Day Jordan;;;Brown;Brunette;08/04/1991;20;34C;2;C;34;24;37;69;1,75;125;57;18,46;Y;Abilene, Texas, United States
2010;2012;2012-gen;Heather Knox;;;Blue;Blonde;17/01/1985;27;34DD;4;DD;34;26;35;64;1,63;125;57;21,46;Y;Indianapolis, Indiana, United States
2010;2012;2012-feb;Leola Bell;;;;Brunette;20/12/1984;28;35D;3;D;35;23;36;64;1,63;114;52;19,57;Y;United States
2010;2012;2012-mar;Lisa Seiffert;;;Green;Blonde;30/08/1982;30;34C;2;C;34;24;35;71;1,80;125;57;17,43;N;Bowen, Australia
2010;2012;2012-apr;Raquel Pomplun;;;Brown;Brunette;24/10/1987;25;34B;1;B;34;25;36;66;1,68;123;56;19,85;Y;Chula Vista, California, United States
2010;2012;2012-mag;Nikki Leigh;;;Blue;Blonde;13/09/1988;24;34C;2;C;34;26;32;63;1,60;112;51;19,84;Y;Cypress, California, United States
2010;2012;2012-giu;Amelia Talon;;;Brown;Brunette;05/01/1990;22;34D;3;D;34;25;36;68;1,73;125;57;19,01;Y;Port Angeles, Washington, United States
2010;2012;2012-lug;Shelby Chesnes;;;Brown;Brunette;14/02/1991;21;34C;2;C;34;25;34;63;1,60;100;45;17,71;Y;Jupiter, Florida, United States
2010;2012;2012-ago;Beth Williams;;;Brown;Blonde;05/02/1987;25;34D;3;D;34;25;34;69;1,75;130;59;19,20;Y;Middleport, Ohio, United States
2010;2012;2012-set;Alana Campos;;;Brown;Brunette;05/11/1990;22;36C;2;C;36;25;36;69;1,75;118;54;17,43;N;Florianópolis, Brazil
2010;2012;2012-ott;Pamela Horton;;;Hazel;Brunette;04/05/1988;24;32D;3;D;32;22;35;67;1,70;110;50;17,23;Y;Wichita, Kansas, United States
2010;2012;2012-nov;Britany Nola;;;Hazel;Blonde;12/04/1991;21;34B;1;B;34;26;36;69;1,75;125;57;18,46;N;Toronto, Canada
2010;2012;2012-dic;Amanda Streich;;;Blue;Blonde;26/05/1993;19;34C;2;C;34;26;35;69;1,75;125;57;18,46;N;Plock, Poland
2010;2013;2013-gen;Karina Marie;;;;Blonde;05/02/1984;29;32C;2;C;32;25;33;68;1,73;110;50;16,73;N;Basildon, United Kingdom
2010;2013;2013-feb;Shawn Dillon;;;Blue;Blonde;07/06/1986;27;34B;1;B;34;25;36;67;1,70;118;54;18,48;Y;Sarasota, Florida, United States
2010;2013;2013-mar;Ashley Doris;;;Brown;Brunette;01/11/1989;24;34C;2;C;34;22;34;65;1,65;;;;Y;Hartford, Connecticut, United States
2010;2013;2013-apr;Jaslyn Ome;;;Brown;Brunette;21/07/1991;22;32C;2;C;32;25;35;65;1,65;110;50;18,30;Y;Hayward, California, United States
2010;2013;2013-mag;Kristen Nicole;;;Blue;Blonde;15/11/1989;24;34D;3;D;34;24;34;69;1,75;115;52;16,98;Y;Escondido, California, United States
2010;2013;2013-giu;Audrey Andelise;;;Blue;Blonde;08/04/1991;22;34C;2;C;34;22;34;62;1,57;105;48;19,20;Y;Edina, Minnesota, United States
2010;2013;2013-lug;Alyssa Arce;;;Green;Brunette;27/02/1992;21;34D;3;D;34;25;34;68;1,73;120;54;18,25;Y;Myrtle Beach, South Carolina, United States
2010;2013;2013-ago;Val Keil;;;;Brunette;04/01/1991;22;32C;2;C;32;24;34;64;1,63;108;49;18,54;Y;Philadelphia, Pennsylvania, United States
2010;2013;2013-set;Bryiana Noelle;;;Brown;Brunette;21/07/1991;22;31B;1;B;31;24;33;63;1,60;85;39;15,06;Y;Salinas, California, United States
2010;2013;2013-ott;Carly Lauren;;;;Blonde;03/07/1990;23;34D;3;D;34;25;35;69;1,75;125;57;18,46;Y;Fresno, California, United States
2010;2013;2013-nov;Gemma Lee Farrell;;;Blue;Brunette;15/01/1988;25;33C;2;C;33;26;34;68;1,73;115;52;17,49;N;Pirongia, New Zealand
2010;2013;2013-dic;Kennedy Summers;;;Blue;Blonde;03/03/1987;26;32D;3;D;32;23;36;68;1,73;120;54;18,25;N;Berlin, Germany
2010;2014;2014-gen;Roos van Montfort;;;Brown;Brunette;29/11/1989;25;34B;1;B;34;24;36;69;1,75;119;54;17,57;N;Geldrop, The Netherlands
2010;2014;2014-feb;Amanda Booth;;;Green;Blonde;14/07/1986;28;34C;2;C;34;24;35;69;1,75;118;54;17,43;Y;Watertown, New York, United States
2010;2014;2014-mar;Britt Linn;;;Blue;Redhead;21/07/1990;24;32B;1;B;32;23;35;70;1,78;130;59;18,65;Y;Wantage, New Jersey, United States
2010;2014;2014-apr;Shanice Jordyn;;;Brown;Brunette;08/04/1992;22;34B;1;B;34;26;36;66;1,68;120;54;19,37;Y;Sioux Falls, South Dakota, United States
2010;2014;2014-mag;Dani Mathers;;;Brown;Blonde;05/01/1987;27;33D;3;D;33;23;31;61;1,55;100;45;18,89;Y;Los Angeles, California, United States
2010;2014;2014-giu;Jessica Ashley;;;Brown;Brunette;08/12/1989;25;32D;3;D;32;25;36;69;1,75;130;59;19,20;Y;Detroit, Michigan, United States
2010;2014;2014-lug;Emily Agnes;;;Green;Brunette;11/07/1991;23;34DD;4;DD;34;22;32;68;1,73;105;48;15,97;N;Redhill, United Kingdom
2010;2014;2014-ago;Maggie May;;;Brown;Brunette;15/11/1987;27;34C;2;C;34;25;35;71;1,80;125;57;17,43;Y;Wamego, Kansas, United States
2010;2014;2014-set;Stephanie Branton;;;Hazel;Blonde;18/04/1990;24;32D;3;D;32;25;36;67;1,70;110;50;17,23;N;Coception Bay, Canada
2010;2014;2014-ott;Roxanna June;;;Blue;Brunette;07/06/1991;23;34B;1;B;34;25;35;69;1,75;125;57;18,46;N;Stratford, Canada
2010;2014;2014-nov;Gia Marie;;;Green;Redhead;05/02/1985;29;34C;2;C;34;25;34;68;1,73;115;52;17,49;Y;Malibu, California, United States
2010;2014;2014-dic;Elizabeth Ostrander;;;Blue;Redhead;07/12/1988;26;34D;3;D;34;24;35;68;1,73;119;54;18,09;Y;Melbourne, Florida, United States
2010;2015;2015-gen;Brittny Ward;;;Brown;Brunette;22/05/1990;25;32C;2;C;32;25;35;70;1,78;130;59;18,65;Y;Sacramento, California, United States
2010;2015;2015-feb;Kayslee Collins;;;Blue;Blonde;28/03/1991;24;32C;2;C;32;25;35;69;1,75;120;54;17,72;Y;San Diego, California, United States
2010;2015;2015-mar;Chelsie Aryn;;;Brown;Brunette;18/09/1992;23;34DD;4;DD;34;26;31;65;1,65;117;53;19,47;Y;Albany, New York, United States
2010;2015;2015-apr;Alexandra Tyler;;;Blue;Brunette;09/05/1994;21;32C;2;C;32;24;35;69;1,75;130;59;19,20;Y;Sacramento, California, United States
2010;2015;2015-mag;Brittany Brousseau;;;Blue;Brunette;12/10/1988;27;32B;1;B;32;24;36;67;1,70;110;50;17,23;Y;La Mesa, California, United States
2010;2015;2015-giu;Kaylia Cassandra;;;Brown;Brunette;23/03/1990;25;32B;1;B;32;25;34;66;1,68;117;53;18,88;Y;United States
2010;2015;2015-lug;Kayla Rae Reid;;Caucasian;Green;Blonde;05/07/1991;24;32C;2;C;32;26;36;67;1,70;125;57;19,58;Y;Fairfax, Virginia, United States
;;;;;;;;;;;;;;;;;;;;;;
;;;;;;;;;;;;;;;;;;;;;;
